ITEM,OXPRICE,WEIGHT,STOCK,LENGTH,WIDTH,HEIGHT,TITLE_EN,TITLE_SK,TITLE_SL,TITLE_HU,TITLE_HR,TITLE_RO,TITLE_BG,FEATURES_JSON
10046361,1,10.3,13,41,43,51,Happy Hour 38 mini fridge minibar 38 litres 26 dB,"Happy Hour 38, mini chladnička, minibar, 38 litrov, 26 dB","Happy Hour 38, mini chladnička, minibar, 38 litrov, 26 dB","Happy Hour 38, mini hűtőszekrény, minibár, 38 liter, 26 dB","Happy Hour 38, mini hladnjak, mini bar, 38 litara, 26 dB","Happy Hour 38, mini-frigider, minibar, frigider pentru băuturi, 38 litri, 26 dB","Happy Hour 38, мини хладилник, минибар, охладител за напитки, 38 литра, 26 dB","{""features"": [{""desc"": ""<b>Kompakt:</b> freistehender Mini-Kühlschrank ideal für Singles, Büros, Hotel- oder Gästezimmer"", ""name"": null, ""image"": null}, {""desc"": ""<b>Platzwunder:</b> 38-Liter-Innenraum für Getränke und Lebensmittel"", ""name"": null, ""image"": null}, {""desc"": ""<b>Kühle Getränke:</b> 2-Liter-Flaschenfach in der Tür"", ""name"": null, ""image"": null}, {""desc"": ""<b>3 Lagerebenen:</b> 2 herausziehbare Gitterebenen mit 3 Einschüben"", ""name"": null, ""image"": null}, {""desc"": ""<b>Still & Leise:</b> besonders geräuscharmer Betrieb mit nur    26 dB"", ""name"": null, ""image"": null}, {""desc"": ""<b>Einfach bedient:</b> mechanische    Kühltemperatureinstellung"", ""name"": null, ""image"": null}]}"
10046360,1,10.3,26,41,43,51,Happy Hour 38 mini fridge minibar beverage fridge 38 L 26 dB,"Happy Hour 38, mini chladnička, minibar, chladnička na nápoje, 38 l, 26 dB","Happy Hour 38, mini hladilnik, minibar, hladilnik za pijačo, 38 litrov, 26 dB","Happy Hour 38, mini hűtőszekrény, minibár, italhűtő, 38 l, 26 dB","Happy Hour 38, mini hladnjak, minibar, hladnjak za piće, 38 l, 26 dB","Happy Hour 38, mini frigider, minibar, frigide rpentru  băuturi, 38 l, 26 dB","Happy Hour 38, мини хладилник, минибар, охладител за напитки, 38 литра, 26 dB","{""features"": [{""desc"": ""<b>Kompakt:</b> freistehender Mini-Kühlschrank ideal für Singles, Büros, Hotel- oder Gästezimmer"", ""name"": null, ""image"": null}, {""desc"": ""<b>Platzwunder:</b> 38-Liter-Innenraum für Getränke und Lebensmittel"", ""name"": null, ""image"": null}, {""desc"": ""<b>Kühle Getränke:</b> 2-Liter-Flaschenfach in der Tür"", ""name"": null, ""image"": null}, {""desc"": ""<b>3 Lagerebenen:</b> 2 herausziehbare Gitterebenen mit 3 Einschüben"", ""name"": null, ""image"": null}, {""desc"": ""<b>Still & Leise:</b> besonders geräuscharmer Betrieb mit nur    26 dB"", ""name"": null, ""image"": null}, {""desc"": ""<b>Einfach bedient:</b> mechanische    Kühltemperatureinstellung"", ""name"": null, ""image"": null}]}"
10046359,1,10.3,43,41,43,51,Happy Hour 38 mini fridge minibar beverage fridge 38 L 26 dB,"Happy Hour 38, mini chladnička, minibar, chladnička na nápoje, 38 l, 26 dB","Happy Hour 38, mini hladilnik, minibar, hladilnik za pijačo, 38 litrov, 26 dB","Happy Hour 38, mini hűtőszekrény, minibár, italhűtő, 38 l, 26 dB","Happy Hour 38, mini hladnjak, minibar, hladnjak za piće, 38 l, 26 dB","Happy Hour 38, mini frigider, minibar, frigide rpentru  băuturi, 38 l, 26 dB","Happy Hour 38, мини хладилник, минибар, охладител за напитки, 38 литра, 26 dB","{""features"": [{""desc"": ""<b>Kompakt:</b> freistehender Mini-Kühlschrank ideal für Singles, Büros, Hotel- oder Gästezimmer"", ""name"": null, ""image"": null}, {""desc"": ""<b>Platzwunder:</b> 38-Liter-Innenraum für Getränke und Lebensmittel"", ""name"": null, ""image"": null}, {""desc"": ""<b>Kühle Getränke:</b> 2-Liter-Flaschenfach in der Tür"", ""name"": null, ""image"": null}, {""desc"": ""<b>3 Lagerebenen:</b> 2 herausziehbare Gitterebenen mit 3 Einschüben"", ""name"": null, ""image"": null}, {""desc"": ""<b>Still & Leise:</b> besonders geräuscharmer Betrieb mit nur    26 dB"", ""name"": null, ""image"": null}, {""desc"": ""<b>Einfach bedient:</b> mechanische    Kühltemperatureinstellung"", ""name"": null, ""image"": null}]}"
10046350,1,0.52,96,21,16.5,10.3,Chiara Salat-Aufsatz | 3 verschiedene Klingen | Edelstahl | kompakt | leichte Reiningung,Nástavec na šalát Chiara | 3 rôzne čepele | nehrdzavejúca oceľ | kompaktný | ľahko sa čistí,Nastavek za solato Chiara | 3 različna rezila | nerjaveče jeklo | kompakten | enostaven za čiščenje,Chiara salátakészítő tartozék | 3 különböző penge | rozsdamentes acél | kompakt | könnyen tisztítható,Nastavak za salatu Chiara | 3 različite oštrice | nehrđajući čelik | kompaktan | lako se čisti,Învârtitor de salată Chiara | 3 lame diferite | oțel inoxidabil | compact | ușor de curățat,Приставка за салата Chiara | 3 различни остриета | неръждаема стомана | компактен | лесен за почистване,"{""features"": [{""desc"": ""<b>Vielseitige Klingenoptionen:</b> Enthält eine 5mm Schneideklinge, eine 6mm grobe Reibklinge und eine 3mm feine Reibklinge für die Zubereitung verschiedener Zutaten."", ""name"": null, ""image"": null}, {""desc"": ""<b>Zeitsparend:</b> Reduziert die Vorbereitungszeit um die Hälfte oder mehr, ideal für Salate, Pizza-Beläge und mehr."", ""name"": null, ""image"": null}, {""desc"": ""<b>Robust und langlebig:</b> Hergestellt aus hochwertigen Edelstahlklingen für stabile und dauerhafte Nutzung."", ""name"": null, ""image"": null}, {""desc"": ""<b>Einfache Handhabung:</b> Leicht zu montieren, zu reinigen und zwischen den Klingen zu wechseln."", ""name"": null, ""image"": null}, {""desc"": ""<b>Kompaktes Design:</b> Spart Platz in der Küche und passt perfekt zur Klarstein Chiara Küchenmaschine."", ""name"": null, ""image"": null}]}"
10046349,1,2.4,98,23,7,5,Chiara Nudel-Aufsatz | 3-in1-Funktionen | 8-Stufen | spülmaschinenfest | Edelstahl | kompatibel,Nástavec na cestoviny Chiara | funkcia 3 v 1 | 8 úrovní | umývateľný v umývačke riadu | nehrdzavejúca oceľ | kompatibilný,Nastavek za testenine Chiara | funkcija 3 v 1 | 8 stopenj | primeren za pomivanje v pomivalnem stroju | nerjaveče jeklo | združljiv,Chiara tésztakészítő tartozék | 3 az 1-ben funkció | 8 fokozat | mosogatógépben mosható | rozsdamentes acél | kompatibilis,Nastavak za tjesteninu Chiara | funkcija 3 u 1 | 8 razina | pogodno za pranje u perilici posuđa | nehrđajući čelik | kompatibilnost,Atașament pentru paste Chiara | funcție 3 în 1 | 8 niveluri | rezistent la mașina de spălat vase | oțel inoxidabil | compatibil,Приставка за макаронени изделия Chiara | функция 3 в 1 | 8 нива | възможност за миене в съдомиялна машина | неръждаема стомана | съвместима,"{""features"": [{""desc"": ""<b>3-in-1 Multifunktion:</b> Mit Nudelwalze, Fettuccine-Schneider und Spaghetti-Schneider bietet der Aufsatz vielseitige Anwendungsmöglichkeiten und bereichert Ihre Pasta-Küche."", ""name"": null, ""image"": null}, {""desc"": ""<b>Hochwertiger Edelstahl:</b> Das Gehäuse aus 303-Edelstahl sorgt für Langlebigkeit und Sicherheit, da keine Materialreste in Ihre Pasta gelangen."", ""name"": null, ""image"": null}, {""desc"": ""<b>Spülmaschinengeeignet:</b> Dank der spülmaschinenfesten Konstruktion ist die Reinigung des Nudel-Aufsatzes besonders einfach und bequem."", ""name"": null, ""image"": null}, {""desc"": ""<b>Vielseitige Dickeneinstellungen:</b> Mit acht einstellbaren Dickenstufen können Sie die Teigblätter nach Ihren individuellen Vorlieben anpassen."", ""name"": null, ""image"": null}, {""desc"": ""<b>Perfekte Kompatibilität:</b> Der Nudel-Aufsatz passt perfekt zur Klarstein Chiara Küchenmaschine und verwandelt sie in eine vielseitige Pastamaschine."", ""name"": null, ""image"": null}]}"
10046348,1,0.8,97,12.2,20.2,19.9,Chiara Fleischwolf-Aufsatz | Zubehör für Chiara Küchenmaschine | 4 Klingen | Edelstahl | 3 Scheiben,Nástavec na mletie mäsa Chiara | príslušenstvo pre kuchynský robot Chiara | 4 nože | nehrdzavejúca oceľ | 3 disky,Nastavek za mletje mesa Chiara | pribor za kuhinjskega robota Chiara | 4 rezila | nerjaveče jeklo | 3 diski,Chiara húsdaráló tartozék | Chiara konyhai robotgép tartozéka | 4 kés | rozsdamentes acél | 3 tárcsa,Nastavak za mljevenje mesa Chiara | pribor za kuhinjski robot Chiara | 4 noža | nehrđajući čelik | 3 diska,Accesoriu pentru tocat carne Chiara | accesorii pentru robotul de bucătărie Chiara | 4 lame | oțel inoxidabil | 3 discuri,Приставка за мелене на месо Chiara | аксесоари за кухненски робот Chiara | 4 остриета | неръждаема стомана | 3 диска,"{""features"": [{""desc"": ""<b>Vielseitig und robust:</b> Hochwertiges Fleischwolf-Zubehör in metallischem Design, ideal für Fleisch, Fisch, Nüsse und Gemüse."", ""name"": null, ""image"": null}, {""desc"": ""<b>Flexibel einsetzbar:</b> 4-Klingen-Messer aus Edelstahl, Metall-Schnecke und drei Lochscheiben (fein, mittel, grob) für vielfältige Zubereitungen."", ""name"": null, ""image"": null}, {""desc"": ""<b>Wurstzubereitung leicht gemacht:</b> Hohe Leistungsfähigkeit für einfache und schnelle Herstellung von Würstchen."", ""name"": null, ""image"": null}, {""desc"": ""<b>Kompatibilität:</b> Geeignet für alle Klarstein Chiara Küchenmaschinen, erweitert die Einsatzmöglichkeiten erheblich."", ""name"": null, ""image"": null}, {""desc"": ""<b>Hochwertige Materialien:</b> Aus Edelstahl und POM gefertigt, für Langlebigkeit und einfache Reinigung."", ""name"": null, ""image"": null}]}"
10046321,1,5.8,0,97,51,67,Wanderwheels Hochstuhl | 3 bis 36 Monate | höhenverstellbar | mit Rollen | Aufbewahrungskorb,Wanderwheels vysoká stolička | 3 až 36 mesiacov | nastaviteľná výška | s kolieskami | úložný košík,Wanderwheels visoki stolček | od 3 do 36 mesecev | nastavljiva višina | s kolesi | košara za shranjevanje,Wanderwheels etetőszék | 3 - 36 hónapos korig | állítható magasság | kerekekkel | tárolókosárral tisztítható,Wanderwheels visoka stolica | 3 do 36 mjeseci | podesiva visina | s kotačima | košara za odlaganje,Wanderwheels scaun înalt | 3 până la 36 luni | înălțime reglabilă | cu roți | coș de depozitare,Столче за хранене Wanderwheels | от 3 до 36 месеца | регулируема височина | с колелца | лесно за почистване,"{""features"": [{""desc"": ""Für Kinder zwischen 3 und 36 Monaten"", ""name"": null, ""image"": null}, {""desc"": ""Mit acht verstellbaren Höhenstufen an jeden Tisch und an die Größe des Kindes anpassbar"", ""name"": null, ""image"": null}, {""desc"": ""Vier Liegepositionen zum entspannten Sitzen und Liegen"", ""name"": null, ""image"": null}, {""desc"": ""Praktischer Aufbewahrungskorb"", ""name"": null, ""image"": null}, {""desc"": ""Robuste Bauweise sorgt für langlebigen Komfort"", ""name"": null, ""image"": null}]}"
10046320,1,5.8,0,97,51,67,Wanderwheels Hochstuhl | 3 bis 36 Monate | höhenverstellbar | mit Rollen | Aufbewahrungskorb,Wanderwheels vysoká stolička | 3 až 36 mesiacov | nastaviteľná výška | s kolieskami | úložný košík,Wanderwheels visoki stolček | od 3 do 36 mesecev | nastavljiva višina | s kolesi | košara za shranjevanje,Wanderwheels etetőszék | 3 - 36 hónapos korig | állítható magasság | kerekekkel | tárolókosárral tisztítható,Wanderwheels visoka stolica | 3 do 36 mjeseci | podesiva visina | s kotačima | košara za odlaganje,Wanderwheels scaun înalt | 3 până la 36 luni | înălțime reglabilă | cu roți | coș de depozitare,Столче за хранене Wanderwheels | от 3 до 36 месеца | регулируема височина | с колелца | лесно за почистване,"{""features"": [{""desc"": ""Für Kinder zwischen 3 und 36 Monaten"", ""name"": null, ""image"": null}, {""desc"": ""Mit acht verstellbaren Höhenstufen an jeden Tisch und an die Größe des Kindes anpassbar"", ""name"": null, ""image"": null}, {""desc"": ""Vier Liegepositionen zum entspannten Sitzen und Liegen"", ""name"": null, ""image"": null}, {""desc"": ""Praktischer Aufbewahrungskorb"", ""name"": null, ""image"": null}, {""desc"": ""Robuste Bauweise sorgt für langlebigen Komfort"", ""name"": null, ""image"": null}]}"
10046319,1,5.8,0,97,51,67,Wanderwheels Hochstuhl | 3 bis 36 Monate | höhenverstellbar | mit Rollen | Aufbewahrungskorb,Wanderwheels vysoká stolička | 3 až 36 mesiacov | nastaviteľná výška | s kolieskami | úložný košík,Wanderwheels visoki stolček | od 3 do 36 mesecev | nastavljiva višina | s kolesi | košara za shranjevanje,Wanderwheels etetőszék | 3 - 36 hónapos korig | állítható magasság | kerekekkel | tárolókosárral tisztítható,Wanderwheels visoka stolica | 3 do 36 mjeseci | podesiva visina | s kotačima | košara za odlaganje,Wanderwheels scaun înalt | 3 până la 36 luni | înălțime reglabilă | cu roți | coș de depozitare,Столче за хранене Wanderwheels | от 3 до 36 месеца | регулируема височина | с колелца | лесно за почистване,"{""features"": [{""desc"": ""Für Kinder zwischen 3 und 36 Monaten"", ""name"": null, ""image"": null}, {""desc"": ""Mit acht verstellbaren Höhenstufen an jeden Tisch und an die Größe des Kindes anpassbar"", ""name"": null, ""image"": null}, {""desc"": ""Vier Liegepositionen zum entspannten Sitzen und Liegen"", ""name"": null, ""image"": null}, {""desc"": ""Praktischer Aufbewahrungskorb"", ""name"": null, ""image"": null}, {""desc"": ""Robuste Bauweise sorgt für langlebigen Komfort"", ""name"": null, ""image"": null}]}"
10046318,1,5.8,0,97,51,67,Wanderwheels Hochstuhl | 3 bis 36 Monate | höhenverstellbar | mit Rollen | pflegeleicht,Wanderwheels vysoká stolička | 3 až 36 mesiacov | nastaviteľná výška | s kolieskami | ľahko sa čistí,Wanderwheels visoki stolček | od 3 do 36 mesecev | nastavljiva višina | s kolesi | enostaven za čiščenje,Wanderwheels etetőszék | 3-36 hónapos korig | állítható magasság | kerekekkel | könnyen tisztítható,Wanderwheels visoka stolica | 3 do 36 mjeseci | podesiva visina | s kotačima | lako se čisti,Scaun înalt Wanderwheels | 3 până la 36 luni | înălțime reglabilă | cu roți | ușor de curățat,Столче за хранене Wanderwheels | от 3 до 36 месеца | регулируема височина | с колелца | лесно за почистване,"{""features"": [{""desc"": ""Für Kinder zwischen 3 und 36 Monaten"", ""name"": null, ""image"": null}, {""desc"": ""Mit acht verstellbaren Höhenstufen an jeden Tisch und an die Größe des Kindes anpassbar"", ""name"": null, ""image"": null}, {""desc"": ""Vier Liegepositionen zum entspannten Sitzen und Liegen"", ""name"": null, ""image"": null}, {""desc"": ""Abnehmbares, doppeltes Tablett für zusätzlichen Platz und einfache Reinigung"", ""name"": null, ""image"": null}, {""desc"": ""Robuste Bauweise sorgt für langlebigen Komfort"", ""name"": null, ""image"": null}]}"
10046317,1,5.8,0,97,51,67,Wanderwheels Hochstuhl | 3 bis 36 Monate | höhenverstellbar | mit Rollen | pflegeleicht,Wanderwheels vysoká stolička | 3 až 36 mesiacov | nastaviteľná výška | s kolieskami | ľahko sa čistí,Wanderwheels visoki stolček | od 3 do 36 mesecev | nastavljiva višina | s kolesi | enostaven za čiščenje,Wanderwheels etetőszék | 3-36 hónapos korig | állítható magasság | kerekekkel | könnyen tisztítható,Wanderwheels visoka stolica | 3 do 36 mjeseci | podesiva visina | s kotačima | lako se čisti,Scaun înalt Wanderwheels | 3 până la 36 luni | înălțime reglabilă | cu roți | ușor de curățat,Столче за хранене Wanderwheels | от 3 до 36 месеца | регулируема височина | с колелца | лесно за почистване,"{""features"": [{""desc"": ""Für Kinder zwischen 3 und 36 Monaten"", ""name"": null, ""image"": null}, {""desc"": ""Mit acht verstellbaren Höhenstufen an jeden Tisch und an die Größe des Kindes anpassbar"", ""name"": null, ""image"": null}, {""desc"": ""Vier Liegepositionen zum entspannten Sitzen und Liegen"", ""name"": null, ""image"": null}, {""desc"": ""Abnehmbares, doppeltes Tablett für zusätzlichen Platz und einfache Reinigung"", ""name"": null, ""image"": null}, {""desc"": ""Robuste Bauweise sorgt für langlebigen Komfort"", ""name"": null, ""image"": null}]}"
10046316,1,5.8,0,97,51,67,Wanderwheels Hochstuhl | 3 bis 36 Monate | höhenverstellbar | mit Rollen | pflegeleicht,Wanderwheels vysoká stolička | 3 až 36 mesiacov | nastaviteľná výška | s kolieskami | ľahko sa čistí,Wanderwheels visoki stolček | od 3 do 36 mesecev | nastavljiva višina | s kolesi | enostaven za čiščenje,Wanderwheels etetőszék | 3-36 hónapos korig | állítható magasság | kerekekkel | könnyen tisztítható,Wanderwheels visoka stolica | 3 do 36 mjeseci | podesiva visina | s kotačima | lako se čisti,Scaun înalt Wanderwheels | 3 până la 36 luni | înălțime reglabilă | cu roți | ușor de curățat,Столче за хранене Wanderwheels | от 3 до 36 месеца | регулируема височина | с колелца | лесно за почистване,"{""features"": [{""desc"": ""Für Kinder zwischen 3 und 36 Monaten"", ""name"": null, ""image"": null}, {""desc"": ""Mit acht verstellbaren Höhenstufen an jeden Tisch und an die Größe des Kindes anpassbar"", ""name"": null, ""image"": null}, {""desc"": ""Vier Liegepositionen zum entspannten Sitzen und Liegen"", ""name"": null, ""image"": null}, {""desc"": ""Abnehmbares, doppeltes Tablett für zusätzlichen Platz und einfache Reinigung"", ""name"": null, ""image"": null}, {""desc"": ""Robuste Bauweise sorgt für langlebigen Komfort"", ""name"": null, ""image"": null}]}"
10046285,1,22,38,37.8,75,72.7,Royal Flush Eco 75 extractor hood 75 cm 650 m³/h EEC A++ incl. activated carbon filters,"Royal Flush Eco 75, digestor, 75 cm, 650 m³/h, EEK A++, vrátane filtrov s aktívnym uhlím","Royal Flush Eco 75, napa, 75 cm, 650 m³/h, EEK A++, vključno s filtri z aktivnim ogljem","Royal Flush Eco 75, páraelszívó, 75 cm, 650 m³/h, EEK A++, aktívszén szűrőkkel együtt","Royal Flush Eco 75, napa, 75 cm, 650 m³/h, EEK A++, uključujući filtere s aktivnim ugljenom","Royal Flush Eco 75, hota, 75 cm, 650 m³/h, EEK A++, inclusiv filtre cu carbon activat","Royal Flush Eco 75, аспиратор, 75 см, 650 м³/ч, EEK A++, вкл. филтри с активен въглен","{""features"": [{""desc"": ""<b>Downdraft-Technologie</b>: Effektive Absaugung direkt an der Entstehungsquelle."", ""name"": null, ""image"": null}, {""desc"": ""<b>Alles im Blick:</b> zuschaltbare LED-Kochfeldbeleuchtung"", ""name"": null, ""image"": null}, {""desc"": ""<b>Einfache Steuerung:</b> komfortables <em>Touch-To-Slide</em>-Bedienfeld"", ""name"": null, ""image"": null}, {""desc"": ""<b>Blickfang: </b>Glas, Edelstahl und Beleuchtung"", ""name"": null, ""image"": null}, {""desc"": ""<b>Frische Luft:</b> mit max. 650 m³/h Umwälzleistung"", ""name"": null, ""image"": null}, {""desc"": ""<b>Unsichtbar:</b> Haube verschwindet in der Anrichte bei Nichtbetrieb"", ""name"": null, ""image"": null}, {""desc"": ""<b>Umluftbetrieb:</b> Aktivkohlefilter direkt im Lieferumfang enthalten"", ""name"": null, ""image"": null}]}"
10046284,1,22,85,37.8,75,72.7,Royal Flush Eco 75 extractor hood 75 cm 650 m³/h EEC A++ incl. activated carbon filters,"Royal Flush Eco 75, digestor, 75 cm, 650 m³/h, EEK A++, vrátane filtrov s aktívnym uhlím","Royal Flush Eco 75, napa, 75 cm, 650 m³/h, EEK A++, vključno s filtri z aktivnim ogljem","Royal Flush Eco 75, páraelszívó, 75 cm, 650 m³/h, EEK A++, aktívszén szűrőkkel együtt","Royal Flush Eco 75, napa, 75 cm, 650 m³/h, EEK A++, uključujući filtere s aktivnim ugljenom","Royal Flush Eco 75, hota, 75 cm, 650 m³/h, EEK A++, inclusiv filtre cu carbon activat","Royal Flush Eco 75, аспиратор, 75 см, 650 м³/ч, EEK A++, вкл. филтри с активен въглен","{""features"": [{""desc"": ""<b>Downdraft-Technologie</b>: Effektive Absaugung direkt an der Entstehungsquelle."", ""name"": null, ""image"": null}, {""desc"": ""<b>Alles im Blick:</b> zuschaltbare LED-Kochfeldbeleuchtung"", ""name"": null, ""image"": null}, {""desc"": ""<b>Einfache Steuerung:</b> komfortables <em>Touch-To-Slide</em>-Bedienfeld"", ""name"": null, ""image"": null}, {""desc"": ""<b>Blickfang: </b>Glas, Edelstahl und Beleuchtung"", ""name"": null, ""image"": null}, {""desc"": ""<b>Frische Luft:</b> mit max. 650 m³/h Umwälzleistung"", ""name"": null, ""image"": null}, {""desc"": ""<b>Unsichtbar:</b> Haube verschwindet in der Anrichte bei Nichtbetrieb"", ""name"": null, ""image"": null}, {""desc"": ""<b>Umluftbetrieb:</b> Aktivkohlefilter direkt im Lieferumfang enthalten"", ""name"": null, ""image"": null}]}"
10046283,1,26.5,90,37.8,86.9,72.7,Royal Flush Eco 90 extractor hood 90 cm 604 m³/h EEC A++ incl. activated carbon filters,"Royal Flush Eco 90, digestor, 90 cm, 604 m³/h, EEK A++, vrátane filtrov s aktívnym uhlím","Royal Flush Eco 90, napa, 90 cm, 604 m³/h, EEK A++, vključno s filtri z aktivnim ogljem","Royal Flush Eco 90, páraelszívó, 90 cm, 604 m³/h, EEK A++, aktívszén szűrőkkel együtt","Royal Flush Eco 90, napa, 90 cm, 604 m³/h, EEK A++, uključujući filtere s aktivnim ugljenom","Royal Flush Eco 90, hota, 90 cm, 604 m³/h, EEK A++, inclusiv filtre cu carbon activat","Royal Flush Eco 90, аспиратор, 90 см, 604 м³/ч, EEK A++, вкл. филтри с активен въглен","{""features"": [{""desc"": ""<b>Downdraft-Technologie</b>: Effektive Absaugung direkt an der Entstehungsquelle."", ""name"": null, ""image"": null}, {""desc"": ""<b>Alles im Blick:</b> zuschaltbare LED-Kochfeldbeleuchtung"", ""name"": null, ""image"": null}, {""desc"": ""<b>Einfache Steuerung:</b> komfortables <em>Touch-To-Slide</em>-Bedienfeld"", ""name"": null, ""image"": null}, {""desc"": ""<b>Blickfang: </b>Glas, Edelstahl und Beleuchtung"", ""name"": null, ""image"": null}, {""desc"": ""<b>Frische Luft:</b> mit max. 604 m³/h Umwälzleistung"", ""name"": null, ""image"": null}, {""desc"": ""<b>Unsichtbar:</b> Haube verschwindet in der Anrichte bei Nichtbetrieb"", ""name"": null, ""image"": null}, {""desc"": ""<b>Umluftbetrieb:</b> Aktivkohlefilter direkt im Lieferumfang enthalten"", ""name"": null, ""image"": null}]}"
10046282,1,24,0,9,0,73,Royal Flush Eco Cooker Hood 60 cm 576 m³/h A++,"Royal Flush Eco, digestor, 60 cm, 576 m³/h, A++","Royal Flush Eco, kuhinjska napa, 60cm, 576 m³/h, A++","Royal Flush Eco, páraelszívó, 60 cm, 576 m³/ó, A++","Royal Flush Eco, kuhinjska napa, 60 cm, 576 m³/h, A++","Hota telescopica, Royal Flush Eco, 60 cm, 576 m³/h, A+","Royal Flush Eco Slim 60, абсорбатор, 60 см, 576 м³/ч, A+","{""features"": [{""desc"": ""<b>Dezente Eleganz:</b> versenkbare Arbeitsplatte"", ""name"": null, ""image"": null}, {""desc"": ""<b>Alles im Blick:</b> zuschaltbare LED-Kochfeldbeleuchtung"", ""name"": null, ""image"": null}, {""desc"": ""<b>Einfache Steuerung:</b> komfortables <em>Touch-To-Slide</em>-Bedienfeld"", ""name"": null, ""image"": null}, {""desc"": ""<b>Sparsam:</b> Energieeffizienzklasse A++"", ""name"": null, ""image"": null}, {""desc"": ""<b>Blickfang: </b>Glas, Edelstahl und Beleuchtung"", ""name"": null, ""image"": null}, {""desc"": ""<b>Frische Luft:</b> durch max. 576 m³/h Abluftleistung"", ""name"": null, ""image"": null}, {""desc"": ""<b>Umluftbetrieb:</b> optional mit Aktivkohlefiltern umrüstbar"", ""name"": null, ""image"": null}, {""desc"": ""<b>Nachhaltig:</b> besonders wenig Kunststoffverpackungsmaterial"", ""name"": null, ""image"": null}]}"
10046237,1,25,70,9,86.9,73,Royal Flush Eco Cooker Hood 90 cm 714 m³/h A+,"Royal Flush Eco, digestor, 90 cm, 714 m³/h, A+","Royal Flush Eco, kuhinjska napa, 90 cm, 714 m³/h, A+","Royal Flush Eco, páraelszívó, 90 cm, 714 m³/ó, A+","Royal Flush Eco, kuhinjska napa, 90 cm, 714 m³/h, A+","Royal Flush Eco, hota, 90 cm, 714 m³/h, A+","Royal Flush Eco, абсорбатор, 90 см, 714 м³/ч, A+","{""features"": [{""desc"": ""<b>Kräftig und energiesparend:</b> Energieeffizienzklasse A++, Effektive Absaugung mit 714 m³/h – Für Abluft- und Umluftbetrieb geeignet"", ""name"": null, ""image"": null}, {""desc"": ""<b>Downdraft-Technologie:</b> Dank versenkbarem Einbau sowohl für herkömmliche Küchen als auch für Kücheninseln geeignet und dadurch mehr Stauraum und Kopffreiheit"", ""name"": null, ""image"": null}, {""desc"": ""<b>LED Licht:</b>Leistungsstarkes LED-Licht zur Beleuchtung der Kochfläche mit einer warmen Temperatur von 6500 K – angenehm für die Augen"", ""name"": null, ""image"": null}, {""desc"": ""<b>Sparsam:</b> Energieeffizienzklasse A+"", ""name"": null, ""image"": null}, {""desc"": ""<b>Blickfang: </b>Glas, Edelstahl und Beleuchtung"", ""name"": null, ""image"": null}, {""desc"": ""<b>Frische Luft:</b> durch max. 714 m³/h Abluftleistung"", ""name"": null, ""image"": null}, {""desc"": ""<b>Umluftbetrieb:</b> optional mit Aktivkohlefiltern umrüstbar"", ""name"": null, ""image"": null}, {""desc"": ""<b>Nachhaltig:</b> besonders wenig Kunststoffverpackungsmaterial"", ""name"": null, ""image"": null}]}"
10046236,1,24,50,9,0,73,Royal Flush Eco Cooker Hood 60 cm 714 m³/h A+,"Royal Flush Eco, digestor, 60 cm, 714 m³/h, A+","Royal Flush Eco, digestor, 60 cm, 714 m³/h, A+","Royal Flush Eco, páraelszívó, 60 cm, 714 m³/ó, A+","Royal Flush Eco, napa, 60 cm, 714 m³/h, A+","Hota telescopica, Royal Flush Eco, 60 cm, 714 m³/h, A+","Royal Flush Eco, абсорбатор, 60 см, 714 м³/ч, A+","{""features"": [{""desc"": ""<b>Kräftig und energiesparend:</b> Energieeffizienzklasse A++, Effektive Absaugung mit 714 m³/h – Für Abluft- und Umluftbetrieb geeignet"", ""name"": null, ""image"": null}, {""desc"": ""<b>Downdraft-Technologie:</b> Dank versenkbarem Einbau sowohl für herkömmliche Küchen als auch für Kücheninseln geeignet und dadurch mehr Stauraum und Kopffreiheit"", ""name"": null, ""image"": null}, {""desc"": ""<b>LED Licht:</b>Leistungsstarkes LED-Licht zur Beleuchtung der Kochfläche mit einer warmen Temperatur von 6500 K – angenehm für die Augen"", ""name"": null, ""image"": null}, {""desc"": ""<b>Sparsam:</b> Energieeffizienzklasse A+"", ""name"": null, ""image"": null}, {""desc"": ""<b>Blickfang: </b>Glas, Edelstahl und Beleuchtung"", ""name"": null, ""image"": null}, {""desc"": ""<b>Frische Luft:</b> durch max. 714 m³/h Abluftleistung"", ""name"": null, ""image"": null}, {""desc"": ""<b>Umluftbetrieb:</b> optional mit Aktivkohlefiltern umrüstbar"", ""name"": null, ""image"": null}, {""desc"": ""<b>Nachhaltig:</b> besonders wenig Kunststoffverpackungsmaterial"", ""name"": null, ""image"": null}]}"
10046235,1,24,157,9,0,73,Royal Flush Eco Cooker Hood 60 cm 576 m³/h A+ ,"Royal Flush Eco, digestor, 60 cm, 576 m³/h, A+ ","Royal Flush Eco, kuhinjska napa, 60 cm, 576 m³/h, A+","Royal Flush Eco, páraelszívó, 60 cm, 576 m³/ó, A+","Royal Flush Eco, kuhinjska napa, 60 cm, 576 m³ / h, A +","Royal Flush Eco, hotă, 60 cm, 576 m³/h, A+","Royal Flush Eco 60, абсорбатор, 60 см, 576 м³ / ч, A +, бял","{""features"": [{""desc"": ""<b>Dezente Eleganz:</b> versenkbare Arbeitsplatte"", ""name"": null, ""image"": null}, {""desc"": ""<b>Alles im Blick:</b> zuschaltbare LED-Kochfeldbeleuchtung"", ""name"": null, ""image"": null}, {""desc"": ""<b>Einfache Steuerung:</b> komfortables <em>Touch-To-Slide</em>-Bedienfeld"", ""name"": null, ""image"": null}, {""desc"": ""<b>Sparsam:</b> Energieeffizienzklasse A+"", ""name"": null, ""image"": null}, {""desc"": ""<b>Blickfang: </b>Glas, Edelstahl und Beleuchtung"", ""name"": null, ""image"": null}, {""desc"": ""<b>Frische Luft:</b> durch max. 576 m³/h Abluftleistung"", ""name"": null, ""image"": null}, {""desc"": ""<b>Umluftbetrieb:</b> optional mit Aktivkohlefiltern umrüstbar"", ""name"": null, ""image"": null}, {""desc"": ""<b>Nachhaltig:</b> besonders wenig Kunststoffverpackungsmaterial"", ""name"": null, ""image"": null}]}"
10046234,1,24,153,9,60,73,Royal Flush Eco Cooker Hood 60 cm 576 m³/h A+,"Royal Flush Eco, digestor, 60 cm, 576 m³/h, A+","Royal Flush Eco, napa, 60 cm, 576 m³/h, A+","Royal Flush Eco, motorháztető, 60 cm, 576 m³/h, A+","Royal Flush Eco, kuhinjska napa, 60 cm, 576 m³ / h, A +","Royal Flush Eco, hota, 60 cm, 576 m³/h, A+","Royal Flush Eco, аспиратор, 60 cm, 576 m³/h, A+","{""features"": [{""desc"": ""<b>Dezente Eleganz:</b> versenkbare Arbeitsplatte"", ""name"": null, ""image"": null}, {""desc"": ""<b>Alles im Blick:</b> zuschaltbare LED-Kochfeldbeleuchtung"", ""name"": null, ""image"": null}, {""desc"": ""<b>Einfache Steuerung:</b> komfortables <em>Touch-To-Slide</em>-Bedienfeld"", ""name"": null, ""image"": null}, {""desc"": ""<b>Sparsam:</b> Energieeffizienzklasse A+"", ""name"": null, ""image"": null}, {""desc"": ""<b>Blickfang: </b>Glas, Edelstahl und Beleuchtung"", ""name"": null, ""image"": null}, {""desc"": ""<b>Frische Luft:</b> durch max. 576 m³/h Abluftleistung"", ""name"": null, ""image"": null}, {""desc"": ""<b>Umluftbetrieb:</b> optional mit Aktivkohlefiltern umrüstbar"", ""name"": null, ""image"": null}, {""desc"": ""<b>Nachhaltig:</b> besonders wenig Kunststoffverpackungsmaterial"", ""name"": null, ""image"": null}]}"
10046232,1,25,142,9,86.9,73,Royal Flush Eco Cooker Hood 90 cm 576 m³/h A+ ,"Royal Flush Eco, digestor, 90 cm, 576 m³/h, A+ ","Royal Flush Eco, kuhinjska napa, 90 cm, 576 m³/h, A+","Royal Flush Eco, páraelszívó, 90 cm, 576 m³/ó, A+","Royal Flush Eco, odvod pare, 90 cm, 576 m³/h, A+","Royal Flush Eco, hotă, 90 cm, 576 m³/h, A+","Royal Flush Eco 90, абсорбатор, 90 см, 576 м³ / ч, A +, бял","{""features"": [{""desc"": ""<b>Dezente Eleganz:</b> versenkbare Arbeitsplatte"", ""name"": null, ""image"": null}, {""desc"": ""<b>Alles im Blick:</b> zuschaltbare LED-Kochfeldbeleuchtung"", ""name"": null, ""image"": null}, {""desc"": ""<b>Einfache Steuerung:</b> komfortables <em>Touch-To-Slide</em>-Bedienfeld"", ""name"": null, ""image"": null}, {""desc"": ""<b>Sparsam:</b> Energieeffizienzklasse A+"", ""name"": null, ""image"": null}, {""desc"": ""<b>Blickfang: </b>Glas, Edelstahl und Beleuchtung"", ""name"": null, ""image"": null}, {""desc"": ""<b>Frische Luft:</b> durch max. 576 m³/h Abluftleistung"", ""name"": null, ""image"": null}, {""desc"": ""<b>Umluftbetrieb:</b> optional mit Aktivkohlefiltern umrüstbar"", ""name"": null, ""image"": null}, {""desc"": ""<b>Nachhaltig:</b> besonders wenig Kunststoffverpackungsmaterial"", ""name"": null, ""image"": null}]}"
10046231,1,26,86,52,90,6.1,Full House 90 Down Air System Induction Cooker + Extractor Hood 477 m³/h EEC A+,"Full House 90 Down Air System, indukčná varná doskA digestor, 477 m³/h, trieda energetickej účinnosti A","Full House 90 Down Air System, indukcijski štedilnik + kuhinjska napa, 477 m³/h, razred energijske učinkovitosti A","Full House 90 Down Air System, indukciós tűzhely + páraelszívó, 477 m³/h, A energiahatékonysági osztály","Full House 90 Down Air System, indukcijsko kuhalo + napa, 477 m³/h, razred energetske učinkovitosti A","Full House 77 Down Air System, aragaz cu inductie + hota, 477 m³/h, clasa de eficienta energetica A","Full House 90 Down Air System, индукционна печка + аспиратор, 477 м³/ч, клас на енергийна ефективност A","{""features"": [{""desc"": ""<b>2-in-1 Kochfeld: </b>Induktionskochfeld mit integriertem DownAir-Dunstabzug"", ""name"": null, ""image"": null}, {""desc"": ""<b>Echt kopffrei: </b>Dampfabzug direkt im Kochfeld - ideal für Kochinseln"", ""name"": null, ""image"": null}, {""desc"": ""<b>Kraftvoll: </b>4 Induktions-Kochfelder mit 7120 Watt Gesamtleistung"", ""name"": null, ""image"": null}, {""desc"": ""<b>Effizient gegen Dunst: </b>bis 477 m³/h Abluftleistung direkt am Kochgeschehen"", ""name"": null, ""image"": null}, {""desc"": ""<b>Extra schnelles Kochen: </b>alle Kochfelder mit <em>ThermoBoost</em>-Funktion"", ""name"": null, ""image"": null}, {""desc"": ""<b>Integrierte Steuerung: </b><em>SenseControl</em>-Bedienfeld mit bequemer <em>Touch-To-Slide</em>-Funktion ohne Knöpfe"", ""name"": null, ""image"": null}, {""desc"": ""<b>Edles Design: </b>elegantes Kochfeld aus Glaskeramik und Edelstahl"", ""name"": null, ""image"": null}, {""desc"": ""<b>Flexibles Kochen: </b>Kombination von je zwei Kochfeldern zu einer Flexzone mit Topferkennung"", ""name"": null, ""image"": null}, {""desc"": ""<b>Zur Umrüstung geeignet: </b>mit optional erhältlichem Aktivkohlefilter für Umluftbetrieb geeignet"", ""name"": null, ""image"": null}]}"
10046230,1,25,125,52,77,6.1,Full House 77 Down Air System Induction Cooker + Extractor Hood 477 m³/h EEC A+,"Full House 77 Down Air System, indukčná varná doskA digestor, 477 m³/h, EEC A","Full House 77 Down Air System, indukcijski štedilnik + kuhinjska napa, 477 m³/h, razred energijske učinkovitosti A","Full House 77 Down Air System, indukciós tűzhely + páraelszívó, 477 m³/h, A energiahatékonysági osztály","Full House 77 Down Air System, indukcijsko kuhalo + napa, 477 m³/h, razred energetske učinkovitosti A","Full House 77 Down Air System, aragaz cu inductie + hota, 477 m³/h, clasa de eficienta energetica A","Full House 77 Down Air System, индукционна печка + аспиратор, 477 м³/ч, клас на енергийна ефективност A","{""features"": [{""desc"": ""<b>2-in-1 Kochfeld: </b>Induktionskochfeld mit integriertem DownAir-Dunstabzug"", ""name"": null, ""image"": null}, {""desc"": ""<b>Echt kopffrei: </b>Dampfabzug direkt im Kochfeld - ideal für Kochinseln"", ""name"": null, ""image"": null}, {""desc"": ""<b>Kraftvoll: </b>4 Induktions-Kochfelder mit 7120 Watt Gesamtleistung"", ""name"": null, ""image"": null}, {""desc"": ""<b>Effizient gegen Dunst: </b>bis 477 m³/h Abluftleistung direkt am Kochgeschehen"", ""name"": null, ""image"": null}, {""desc"": ""<b>Extra schnelles Kochen: </b>alle Kochfelder mit <em>ThermoBoost</em>-Funktion"", ""name"": null, ""image"": null}, {""desc"": ""<b>Integrierte Steuerung: </b><em>SenseControl</em>-Bedienfeld mit bequemer <em>Touch-To-Slide</em>-Funktion ohne Knöpfe"", ""name"": null, ""image"": null}, {""desc"": ""<b>Edles Design: </b>elegantes Kochfeld aus Glaskeramik und Edelstahl"", ""name"": null, ""image"": null}, {""desc"": ""<b>Flexibles Kochen: </b>Kombination von je zwei Kochfeldern zu einer Flexzone mit Topferkennung"", ""name"": null, ""image"": null}, {""desc"": ""<b>Zur Umrüstung geeignet: </b>mit optional erhältlichem Aktivkohlefilter für Umluftbetrieb geeignet"", ""name"": null, ""image"": null}]}"
10046229,1,22,21,52,72,5.6,Full House 72 Down Air System Induction Cooker + Extractor Hood 329 m³/h EEC A,"Full House 72 Down Air System, indukčná varná doskA digestor, 329 m³/h, EEC A","Full House 72 Down Air System, indukcijski štedilnik + napa, 329 m³/h, EEC A","Full House 72 Down Air System, indukciós tűzhely + páraelszívó, 329 m³/h, EEC A","Full House 72 Down Air System, indukcijsko kuhalo + napa, 329 m³/h, EEC A","Full House 72 Down Air System, plită cu inductie + hota, 329 m³/h, CEE A","Full House 72 Down Air System, индукционна готварска печка + аспиратор, 329 m³/h, EEC A","{""features"": [{""desc"": ""<b>2-in-1 Kochfeld: </b>Induktionskochfeld mit integriertem DownAir-Dunstabzug"", ""name"": null, ""image"": null}, {""desc"": ""<b>Echt kopffrei: </b>Dampfabzug direkt im Kochfeld - ideal für Kochinseln"", ""name"": null, ""image"": null}, {""desc"": ""<b>Kraftvoll: </b>4 Induktions-Kochfelder mit 7120 Watt Gesamtleistung"", ""name"": null, ""image"": null}, {""desc"": ""<b>Effizient gegen Dunst: </b>bis 329 m³/h Abluftleistung direkt am Kochgeschehen"", ""name"": null, ""image"": null}, {""desc"": ""<b>Extra schnelles Kochen: </b>alle Kochfelder mit <em>ThermoBoost</em>-Funktion"", ""name"": null, ""image"": null}, {""desc"": ""<b>Integrierte Steuerung: </b><em>SenseControl</em>-Bedienfeld mit bequemer <em>Touch-To-Slide</em>-Funktion ohne Knöpfe"", ""name"": null, ""image"": null}, {""desc"": ""<b>Edles Design: </b>elegantes Kochfeld aus Glaskeramik und Edelstahl"", ""name"": null, ""image"": null}, {""desc"": ""<b>Flexibles Kochen: </b>Kombination von je zwei Kochfeldern zu einer Flexzone mit Topferkennung"", ""name"": null, ""image"": null}, {""desc"": ""<b>Zur Umrüstung geeignet: </b>mit optional erhältlichem Aktivkohlefilter für Umluftbetrieb geeignet"", ""name"": null, ""image"": null}]}"
10046228,1,21,0,52,60,5.6,Full House 60 Down Air System Induction Cooker + Extractor Hood 329 m³/h EEC A,"Full House 60 Down Air System, indukčná varná doskA digestor, 329 m³/h, EEC A","Full House 60 Down Air System, indukcijski štedilnik + napa, 329 m³/h, EEC A","Full House 60 Down Air System, indukciós főzőlap + páraelszívó, 329 m³/h, EGK A","Full House 60 Down Air System, indukcijsko kuhalo + napa, 329 m³/h, EEC A","Full House 60 Down Air System, aragaz cu inducție + hotă, 329 m³/h, EEC A","Система Full House 60 Down Air, индукционна печка + аспиратор, 329 м³/ч, EEC A","{""features"": [{""desc"": ""<b>2-in-1 Kochfeld: </b>Induktionskochfeld mit integriertem DownAir-Dunstabzug"", ""name"": null, ""image"": null}, {""desc"": ""<b>Echt kopffrei: </b>Dampfabzug direkt im Kochfeld - ideal für Kochinseln"", ""name"": null, ""image"": null}, {""desc"": ""<b>Kraftvoll: </b>4 Induktions-Kochfelder mit 7120 Watt Gesamtleistung"", ""name"": null, ""image"": null}, {""desc"": ""<b>Effizient gegen Dunst: </b>bis 329 m³/h Abluftleistung direkt am Kochgeschehen"", ""name"": null, ""image"": null}, {""desc"": ""<b>Extra schnelles Kochen: </b>alle Kochfelder mit <em>ThermoBoost</em>-Funktion"", ""name"": null, ""image"": null}, {""desc"": ""<b>Integrierte Steuerung: </b><em>SenseControl</em>-Bedienfeld mit bequemer <em>Touch-To-Slide</em>-Funktion ohne Knöpfe"", ""name"": null, ""image"": null}, {""desc"": ""<b>Edles Design: </b>elegantes Kochfeld aus Glaskeramik und Edelstahl"", ""name"": null, ""image"": null}, {""desc"": ""<b>Flexibles Kochen: </b>Kombination von je zwei Kochfeldern zu einer Flexzone mit Topferkennung"", ""name"": null, ""image"": null}, {""desc"": ""<b>Zur Umrüstung geeignet: </b>mit optional erhältlichem Aktivkohlefilter für Umluftbetrieb geeignet"", ""name"": null, ""image"": null}]}"
10046227,1,25,0,52,77,6.1,Full House 77 Down Air System Induction Cooker + Extractor Hood 477 m³/h EEC A+,"Full House 77 Down Air System, indukčná varná doskA digestor, 477 m³/h, EEC A","Full House 77 Down Air System, indukcijski štedilnik + kuhinjska napa, 477 m³/h, razred energijske učinkovitosti A","Full House 77 Down Air System, indukciós tűzhely + páraelszívó, 477 m³/h, A energiahatékonysági osztály","Full House 77 Down Air System, indukcijsko kuhalo + odvod pare, 477 m³/h, razred energetske učinkovitosti A","Full House Down Air System, aragaz cu inducție + hotă, 477 m³/h, clasa de eficiență energetică A","Full House Down Air System, индукционна печка + аспиратор, 477 м³/ч, клас на енергийна ефективност A","{""features"": [{""desc"": ""<b>2-in-1 Kochfeld: </b>Induktionskochfeld mit integriertem DownAir-Dunstabzug"", ""name"": null, ""image"": null}, {""desc"": ""<b>Echt kopffrei: </b>Dampfabzug direkt im Kochfeld - ideal für Kochinseln"", ""name"": null, ""image"": null}, {""desc"": ""<b>Kraftvoll: </b>4 Induktions-Kochfelder mit 7120 Watt Gesamtleistung"", ""name"": null, ""image"": null}, {""desc"": ""<b>Effizient gegen Dunst: </b>bis 477 m³/h Abluftleistung direkt am Kochgeschehen"", ""name"": null, ""image"": null}, {""desc"": ""<b>Extra schnelles Kochen: </b>alle Kochfelder mit <em>ThermoBoost</em>-Funktion"", ""name"": null, ""image"": null}, {""desc"": ""<b>Integrierte Steuerung: </b><em>SenseControl</em>-Bedienfeld mit bequemer <em>Touch-To-Slide</em>-Funktion ohne Knöpfe"", ""name"": null, ""image"": null}, {""desc"": ""<b>Edles Design: </b>elegantes Kochfeld aus Glaskeramik und Edelstahl"", ""name"": null, ""image"": null}, {""desc"": ""<b>Flexibles Kochen: </b>Kombination von je zwei Kochfeldern zu einer Flexzone mit Topferkennung"", ""name"": null, ""image"": null}, {""desc"": ""<b>Zur Umrüstung geeignet: </b>mit optional erhältlichem Aktivkohlefilter für Umluftbetrieb geeignet"", ""name"": null, ""image"": null}]}"
10046226,1,22,0,52,72,5.6,Full House 72 Down Air System Induction Cooker + Extractor Hood 329 m³/h EEC A,"Full House 72 Down Air System, indukčná varná doskA digestor, 329 m³/h, EEC A","Full House 72 Down Air System, indukcijski štedilnik + napa, 329 m³/h, EEC A","Full House 72 Down Air System, indukciós tűzhely + páraelszívó, 329 m³/h, EEC A","Full House 72 Down Air System, indukcijsko kuhalo + napa, 329 m³/h, EEC A","Full House 72 Down Air System, plită cu inductie + hota, 329 m³/h, CEE A","Full House 72 Down Air System, индукционна готварска печка + аспиратор, 329 m³/h, EEC A","{""features"": [{""desc"": ""<b>2-in-1 Kochfeld: </b>Induktionskochfeld mit integriertem DownAir-Dunstabzug"", ""name"": null, ""image"": null}, {""desc"": ""<b>Echt kopffrei: </b>Dampfabzug direkt im Kochfeld - ideal für Kochinseln"", ""name"": null, ""image"": null}, {""desc"": ""<b>Kraftvoll: </b>4 Induktions-Kochfelder mit 7120 Watt Gesamtleistung"", ""name"": null, ""image"": null}, {""desc"": ""<b>Effizient gegen Dunst: </b>bis 329 m³/h Abluftleistung direkt am Kochgeschehen"", ""name"": null, ""image"": null}, {""desc"": ""<b>Extra schnelles Kochen: </b>alle Kochfelder mit <em>ThermoBoost</em>-Funktion"", ""name"": null, ""image"": null}, {""desc"": ""<b>Integrierte Steuerung: </b><em>SenseControl</em>-Bedienfeld mit bequemer <em>Touch-To-Slide</em>-Funktion ohne Knöpfe"", ""name"": null, ""image"": null}, {""desc"": ""<b>Edles Design: </b>elegantes Kochfeld aus Glaskeramik und Edelstahl"", ""name"": null, ""image"": null}, {""desc"": ""<b>Flexibles Kochen: </b>Kombination von je zwei Kochfeldern zu einer Flexzone mit Topferkennung"", ""name"": null, ""image"": null}, {""desc"": ""<b>Zur Umrüstung geeignet: </b>mit optional erhältlichem Aktivkohlefilter für Umluftbetrieb geeignet"", ""name"": null, ""image"": null}]}"
10046224,1,24,79,38,61,73,Royal Flush Eco Slim 60 cooker hood 60 cm 650 m³/h EEC A,"Royal Flush Eco Slim 60, digestor, 60 cm, 650 m³/h, A","Royal Flush Eco Slim 60, napa, 60 cm, 650 m³/h, A+","Royal Flush Eco Slim 60, páraelszívó, 60 cm, 650 m³/h, A+","Royal Flush Eco Slim 60, napa, 60 cm, 650 m³/h, A+","Royal Flush Eco Slim 60, hotă, 60 cm, 650 m³/h, A+","Royal Flush Eco Slim 60, абсорбатор, 60 см, 650 м³/ч, A+","{""features"": [{""desc"": ""<b>Downdraft-Technologie</b>: Effektive Absaugung direkt an der Entstehungsquelle."", ""name"": null, ""image"": null}, {""desc"": ""<b>Alles im Blick:</b> zuschaltbare LED-Kochfeldbeleuchtung"", ""name"": null, ""image"": null}, {""desc"": ""<b>Einfache Steuerung:</b> komfortables <em>Touch-To-Slide</em>-Bedienfeld"", ""name"": null, ""image"": null}, {""desc"": ""<b>Blickfang: </b>Glas, Edelstahl und Beleuchtung"", ""name"": null, ""image"": null}, {""desc"": ""<b>Frische Luft:</b> mit max. 650 m³/h Umwälzleistung"", ""name"": null, ""image"": null}, {""desc"": ""<b>Unsichtbar:</b> Haube verschwindet in der Anrichte bei Nichtbetrieb"", ""name"": null, ""image"": null}, {""desc"": ""<b>Umluftbetrieb:</b> Aktivkohlefilter direkt im Lieferumfang enthalten"", ""name"": null, ""image"": null}]}"
10046166,1,8,59,41,26,74.5,Touchless sensor bin 56L stainless steel soft-close 3 bins LED display timer,"Touchless, senzorový odpadkový kôš, 56 l, z nehrdzavejúcej ocele, 3 koše, Soft-Close zatváranie, napájaný batériou, LED displej, časovač ","Touchless, senzorski koš za odpadke, 56 l, nerjaveče jeklo, 3 koši, Soft-Close zapiranje, baterijsko napajanje, LED prikazovalnik, časovnik ","Touchless, szenzoros szemétkosár, 56 l, rozsdamentes acélból, 3 kosár, Soft-Close záródás, elemmel működő, LED kijelző, időzítő","Touchless, kanta za smeće sa senzorom, 56 L, nehrđajući čelik, 3 odjeljka, Soft-Close zatvaranje, baterijsko napajanje, LED zaslon, tajmer","Coș de gunoi fără atingere, cu senzor, 56 l, oțel inoxidabil, 3 coșuri, închidere Soft-Close, alimentat cu baterie, afișaj LED, temporizator","Touchless, сензорен кош за отпадъци, 56 л, неръждаема стомана, плавно затваряне, захранване с батерии, LED дисплей, таймер ","{""features"": [{""desc"": ""<b>Bewegungssensor für berührungslose Bedienung</b>: Der Mülleimer öffnet den Deckel automatisch, sobald er Bewegungen in seiner Nähe erkennt, was eine hygienische Abfallentsorgung ermöglicht"", ""name"": null, ""image"": null}, {""desc"": ""<b>Großzügiges Fassungsvermögen von 56 Litern</b>: Mit seinem großen Fassungsvermögen ist er ideal für Haushalte oder Büros mit einem hohen Abfallaufkommen geeignet"", ""name"": null, ""image"": null}, {""desc"": ""<b>Zeitloses Design:</b> Das schlanke und moderne Design passt in jeden Raum. Die matte Oberfläche sieht nicht nur gut aus, sondern ist auch langlebig, leicht zu reinigen und macht den Abfallbehälter zu einem Blickfang in jedem Raum."", ""name"": null, ""image"": null}, {""desc"": ""<b>Manuelle oder automatische Öffnungs- und Schließfunktion</b>: Der Mülleimer bietet die Möglichkeit zur manuellen Bedienung über das Bedienfeld oder zur automatischen Öffnung und Schließung durch den Bewegungssensor"", ""name"": null, ""image"": null}, {""desc"": ""<b>Intuitives LED-Display auf dem Bedienfeld</b>: Über das LED-Display können verschiedene Funktionen wie der 7-Sekunden-Timer für das automatische Schließen des Deckels eingestellt werden"", ""name"": null, ""image"": null}, {""desc"": ""<b>Abfalltrennung mit drei separaten Fächern</b>: Mit drei getrennten Fächern für unterschiedliche Abfallarten erleichtert der Mülleimer die effektive Mülltrennung und fördert das Recycling. Die Fächer haben Kapazitäten von 36 Litern, 10 Litern und weiteren 10 Litern"", ""name"": null, ""image"": null}, {""desc"": ""<b>Soft-Close-System für geräuschloses Schließen</b>: Das Soft-Close-System gewährleistet geräuschloses und sanftes Öffnen und Schließen des Deckels, was besonders in ruhigen Umgebungen von Vorteil ist."", ""name"": null, ""image"": null}, {""desc"": ""<b>Batteriebetrieben</b>: Der Mülleimer wird mit Batterien betrieben, was eine flexible Aufstellung ohne lästigen Kabelsalat ermöglicht. Bitte beachten Sie, dass die benötigten Batterien nicht im Lieferumfang enthalten sind"", ""name"": null, ""image"": null}, {""desc"": ""<b>Vielseitige Anwendungsmöglichkeiten</b>: Aufgrund seiner vielseitigen Funktionen und seines attraktiven Designs eignet sich der Mülleimer ideal für den Einsatz in verschiedenen Umgebungen wie Küchen, Büros, Schulen, Restaurants und anderen öffentlichen Bereichen"", ""name"": null, ""image"": null}]}"
10046165,1,8,78,41,26,74.5,Touchless sensor bin 56L stainless steel soft-close 3 bins LED display timer,"Touchless, senzorový odpadkový kôš, 56 l, z nehrdzavejúcej ocele, 3 koše, Soft-Close zatváranie, napájaný batériou, LED displej, časovač","Touchless, senzorski koš za odpadke, 56 l, nerjaveče jeklo, 3 koši, Soft-Close zapiranje, baterijsko napajanje, LED prikazovalnik, časovnik","Touchless, szenzoros szemétkosár, 56 l, rozsdamentes acélból, 3 kosár, Soft-Close záródás, elemmel működő, LED kijelző, időzítő","Bez dodira, kanta za otpatke na senzor, 56 l, nehrđajući čelik, 3 kante, Soft-Close zatvaranje, baterijsko napajanje, LED zaslon, timer","Coș de gunoi fără atingere, cu senzor, 56 l, din oțel inoxidabil, închidere ușoară, cu baterii, afișaj LED, temporizator","Touchless, сензорен кош за отпадъци, 60 л, неръждаема стомана, плавно затваряне, захранване с батерии, LED дисплей, таймер","{""features"": [{""desc"": ""<b>Bewegungssensor für berührungslose Bedienung</b>: Der Mülleimer öffnet den Deckel automatisch, sobald er Bewegungen in seiner Nähe erkennt, was eine hygienische Abfallentsorgung ermöglicht"", ""name"": null, ""image"": null}, {""desc"": ""<b>Großzügiges Fassungsvermögen von 56 Litern</b>: Mit seinem großen Fassungsvermögen ist er ideal für Haushalte oder Büros mit einem hohen Abfallaufkommen geeignet"", ""name"": null, ""image"": null}, {""desc"": ""<b>Zeitloses Design:</b> Das schlanke und moderne Design passt in jeden Raum. Das Edelstahl-Finish verleiht dem Mülleimer nicht nur eine ästhetische Note, sondern macht ihn auch äußerst langlebig, leicht zu reinigen und resistent gegen Fingerabdrücke"", ""name"": null, ""image"": null}, {""desc"": ""<b>Manuelle oder automatische Öffnungs- und Schließfunktion</b>: Der Mülleimer bietet die Möglichkeit zur manuellen Bedienung über das Bedienfeld oder zur automatischen Öffnung und Schließung durch den Bewegungssensor"", ""name"": null, ""image"": null}, {""desc"": ""<b>Intuitives LED-Display auf dem Bedienfeld</b>: Über das LED-Display können verschiedene Funktionen wie der 7-Sekunden-Timer für das automatische Schließen des Deckels eingestellt werden"", ""name"": null, ""image"": null}, {""desc"": ""<b>Abfalltrennung mit drei separaten Fächern</b>: Mit drei getrennten Fächern für unterschiedliche Abfallarten erleichtert der Mülleimer die effektive Mülltrennung und fördert das Recycling. Die Fächer haben Kapazitäten von 36 Litern, 10 Litern und weiteren 10 Litern"", ""name"": null, ""image"": null}, {""desc"": ""<b>Soft-Close-System für geräuschloses Schließen</b>: Das Soft-Close-System gewährleistet geräuschloses und sanftes Öffnen und Schließen des Deckels, was besonders in ruhigen Umgebungen von Vorteil ist."", ""name"": null, ""image"": null}, {""desc"": ""<b>Batteriebetrieben</b>: Der Mülleimer wird mit Batterien betrieben, was eine flexible Aufstellung ohne lästigen Kabelsalat ermöglicht. Bitte beachten Sie, dass die benötigten Batterien nicht im Lieferumfang enthalten sind"", ""name"": null, ""image"": null}, {""desc"": ""<b>Vielseitige Anwendungsmöglichkeiten</b>: Aufgrund seiner vielseitigen Funktionen und seines attraktiven Designs eignet sich der Mülleimer ideal für den Einsatz in verschiedenen Umgebungen wie Küchen, Büros, Schulen, Restaurants und anderen öffentlichen Bereichen"", ""name"": null, ""image"": null}]}"
10046164,1,0,0,41.5,26.5,65.1,Touchless sensor bin 60L stainless steel soft-close battery operation LED display timer,"Touchless, senzorový odpadkový kôš, 60 l, z nehrdzavejúcej ocele, Soft-Close zatváranie, napájaný batériou, LED displej, časovač","Brezdotični senzorski koš za odpadke, 60 l, nerjaveče jeklo, mehko zapiranje, baterijsko napajanje, LED prikazovalnik, časovnik","Touchless, szenzoros szemétkosár, 60 l, rozsdamentes acélból, Soft-Close záródás, elemmel működő, LED kijelző, időzítő","Bez dodira, kanta za otpatke na senzor, 60 l, nehrđajući čelik, Soft-Close zatvaranje, baterijsko napajanje, LED zaslon, timer","Coș de gunoi fără atingere, cu senzor, 60 l, din oțel inoxidabil, închidere ușoară, cu baterii, afișaj LED, temporizator","Touchless, сензорен кош за отпадъци, 60 л, неръждаема стомана, плавно затваряне, захранване с батерии, LED дисплей, таймер","{""features"": [{""desc"": ""<b>Bewegungssensor für berührungslose Bedienung</b>: Der Mülleimer öffnet den Deckel automatisch, sobald er Bewegungen in seiner Nähe erkennt, was eine hygienische Abfallentsorgung ermöglicht"", ""name"": null, ""image"": null}, {""desc"": ""<b>Großzügiges Fassungsvermögen von 60 Litern</b>: Mit seinem hohen Fassungsvermögen ist er ideal für große Haushalte oder Büros mit einem hohen Abfallaufkommen geeignet"", ""name"": null, ""image"": null}, {""desc"": ""<b>Zeitloses Design:</b> Das schlanke und moderne Design passt in jeden Raum. Die matte Oberfläche sieht nicht nur gut aus, sondern ist auch langlebig, leicht zu reinigen und macht den Abfallbehälter zu einem Blickfang in jedem Raum."", ""name"": null, ""image"": null}, {""desc"": ""<b>Manuelle oder automatische Öffnungs- und Schließfunktion</b>: Der Mülleimer bietet die Möglichkeit zur manuellen Bedienung über das Bedienfeld oder zur automatischen Öffnung und Schließung durch den Bewegungssensor"", ""name"": null, ""image"": null}, {""desc"": ""<b>Intuitives LED-Display auf dem Bedienfeld</b>: Über das LED-Display können verschiedene Funktionen wie der 7-Sekunden-Timer für das automatische Schließen des Deckels eingestellt werden"", ""name"": null, ""image"": null}, {""desc"": ""<b>Soft-Close-System für geräuschloses Schließen</b>: Das Soft-Close-System gewährleistet geräuschloses und sanftes Öffnen und Schließen des Deckels, was besonders in ruhigen Umgebungen von Vorteil ist."", ""name"": null, ""image"": null}, {""desc"": ""<b>Batteriebetrieben</b>: Der Mülleimer wird mit Batterien betrieben, was eine flexible Aufstellung ohne lästigen Kabelsalat ermöglicht. Bitte beachten Sie, dass die benötigten Batterien nicht im Lieferumfang enthalten sind"", ""name"": null, ""image"": null}, {""desc"": ""<b>Vielseitige Anwendungsmöglichkeiten</b>: Aufgrund seiner vielseitigen Funktionen und seines attraktiven Designs eignet sich der Mülleimer ideal für den Einsatz in verschiedenen Umgebungen wie Küchen, Büros, Schulen, Restaurants und anderen öffentlichen Bereichen"", ""name"": null, ""image"": null}]}"
10046163,1,0,0,41.5,26.5,65.1,Touchless sensor bin 60L stainless steel soft-close battery operation LED display timer,"Touchless, senzorový odpadkový kôš, 60 l, z nehrdzavejúcej ocele, Soft-Close zatváranie, napájaný batériou, LED displej, časovač","Brezdotični senzorski koš za odpadke, 60 l, nerjaveče jeklo, mehko zapiranje, baterijsko napajanje, LED prikazovalnik, časovnik","Touchless, szenzoros szemétkosár, 60 l, rozsdamentes acélból, Soft-Close záródás, elemmel működő, LED kijelző, időzítő","Touchless, kanta za smeće sa senzorom, 60 L, nehrđajući čelik, Soft-Close zatvaranje, baterijsko napajanje, LED zaslon, tajmer","Coș de gunoi fără atingere, cu senzor, 60 l, din oțel inoxidabil, închidere ușoară, cu baterii, afișaj LED, temporizator","Touchless, сензорен кош за отпадъци, 60 л, неръждаема стомана, плавно затваряне, захранване с батерии, LED дисплей, таймер","{""features"": [{""desc"": ""<b>Bewegungssensor für berührungslose Bedienung</b>: Der Mülleimer öffnet den Deckel automatisch, sobald er Bewegungen in seiner Nähe erkennt, was eine hygienische Abfallentsorgung ermöglicht"", ""name"": null, ""image"": null}, {""desc"": ""<b>Großzügiges Fassungsvermögen von 60 Litern</b>: Mit seinem großen Fassungsvermögen ist er ideal für Haushalte oder Büros mit einem hohen Abfallaufkommen geeignet"", ""name"": null, ""image"": null}, {""desc"": ""<b>Zeitloses Design:</b> Das schlanke und moderne Design passt in jeden Raum. Das Edelstahl-Finish verleiht dem Mülleimer nicht nur eine ästhetische Note, sondern macht ihn auch äußerst langlebig, leicht zu reinigen und resistent gegen Fingerabdrücke"", ""name"": null, ""image"": null}, {""desc"": ""Eigenschaften:"", ""name"": null, ""image"": null}, {""desc"": ""<b>Manuelle oder automatische Öffnungs- und Schließfunktion</b>: Der Mülleimer bietet die Möglichkeit zur manuellen Bedienung über das Bedienfeld oder zur automatischen Öffnung und Schließung durch den Bewegungssensor"", ""name"": null, ""image"": null}, {""desc"": ""<b>Intuitives LED-Display auf dem Bedienfeld</b>: Über das LED-Display können verschiedene Funktionen wie der 7-Sekunden-Timer für das automatische Schließen des Deckels eingestellt werden"", ""name"": null, ""image"": null}, {""desc"": ""<b>Soft-Close-System für geräuschloses Schließen</b>: Das Soft-Close-System gewährleistet geräuschloses und sanftes Öffnen und Schließen des Deckels, was besonders in ruhigen Umgebungen von Vorteil ist."", ""name"": null, ""image"": null}, {""desc"": ""<b>Batteriebetrieben</b>: Der Mülleimer wird mit Batterien betrieben, was eine flexible Aufstellung ohne lästigen Kabelsalat ermöglicht. Bitte beachten Sie, dass die benötigten Batterien nicht im Lieferumfang enthalten sind"", ""name"": null, ""image"": null}, {""desc"": ""<b>Vielseitige Anwendungsmöglichkeiten</b>: Aufgrund seiner vielseitigen Funktionen und seines attraktiven Designs eignet sich der Mülleimer ideal für den Einsatz in verschiedenen Umgebungen wie Küchen, Büros, Schulen, Restaurants und anderen öffentlichen Bereichen"", ""name"": null, ""image"": null}]}"
10046162,1,0,0,41.5,26.5,56.5,Touchless sensor bin 50L stainless steel soft-close battery operation LED display timer,"Touchless, senzorový odpadkový kôš, 50 l, z nehrdzavejúcej ocele, Soft-Close zatváranie, napájaný batériou, LED displej, časovač","Brezdotični senzorski koš za odpadke, 50 l, nerjaveče jeklo, mehko zapiranje, baterijsko napajanje, LED prikazovalnik, časovnik","Touchless, szenzoros szemétkosár, 50 l, rozsdamentes acélból, Soft-Close záródás, elemes, LED kijelző, időzítő","Bez dodira, kanta za otpatke na senzor, 50 l, nehrđajući čelik, Soft-Close zatvaranje, baterijsko napajanje, LED zaslon, timer","Coș de gunoi fără atingere, cu senzor, 50 l, din oțel inoxidabil, închidere ușoară, cu baterii, afișaj LED, temporizator","Безконтактен, сензорен кош за отпадъци, 50 л, неръждаема стомана, плавно затваряне, захранване с батерии, LED дисплей, таймер","{""features"": [{""desc"": ""<b>Bewegungssensor für berührungslose Bedienung</b>: Der Mülleimer öffnet den Deckel automatisch, sobald er Bewegungen in seiner Nähe erkennt, was eine hygienische Abfallentsorgung ermöglicht"", ""name"": null, ""image"": null}, {""desc"": ""<b>Großzügiges Fassungsvermögen von 50 Litern</b>: Mit seinem hohen Fassungsvermögen ist er ideal für große Haushalte oder Büros mit einem hohen Abfallaufkommen geeignet"", ""name"": null, ""image"": null}, {""desc"": ""<b>Zeitloses Design:</b> Das schlanke und moderne Design passt in jeden Raum. Die matte Oberfläche sieht nicht nur gut aus, sondern ist auch langlebig, leicht zu reinigen und macht den Abfallbehälter zu einem Blickfang in jedem Raum."", ""name"": null, ""image"": null}, {""desc"": ""<b>Manuelle oder automatische Öffnungs- und Schließfunktion</b>: Der Mülleimer bietet die Möglichkeit zur manuellen Bedienung über das Bedienfeld oder zur automatischen Öffnung und Schließung durch den Bewegungssensor"", ""name"": null, ""image"": null}, {""desc"": ""<b>Intuitives LED-Display auf dem Bedienfeld</b>: Über das LED-Display können verschiedene Funktionen wie der 7-Sekunden-Timer für das automatische Schließen des Deckels eingestellt werden"", ""name"": null, ""image"": null}, {""desc"": ""<b>Soft-Close-System für geräuschloses Schließen</b>: Das Soft-Close-System gewährleistet geräuschloses und sanftes Öffnen und Schließen des Deckels, was besonders in ruhigen Umgebungen von Vorteil ist."", ""name"": null, ""image"": null}, {""desc"": ""<b>Batteriebetrieben</b>: Der Mülleimer wird mit Batterien betrieben, was eine flexible Aufstellung ohne lästigen Kabelsalat ermöglicht. Bitte beachten Sie, dass die benötigten Batterien nicht im Lieferumfang enthalten sind"", ""name"": null, ""image"": null}, {""desc"": ""<b>Vielseitige Anwendungsmöglichkeiten</b>: Aufgrund seiner vielseitigen Funktionen und seines attraktiven Designs eignet sich der Mülleimer ideal für den Einsatz in verschiedenen Umgebungen wie Küchen, Büros, Schulen, Restaurants und anderen öffentlichen Bereichen"", ""name"": null, ""image"": null}]}"
10046161,1,0,0,41.5,26.5,56.5,Touchless sensor bin 50L stainless steel soft-close battery operation LED display timer,"Touchless, senzorový odpadkový kôš, 50 l, z nehrdzavejúcej ocele, Soft-Close zatváranie, napájaný batériou, LED displej, časovač","Brezdotični senzorski koš za odpadke, 50 l, nerjaveče jeklo, mehko zapiranje, baterijsko napajanje, LED prikazovalnik, časovnik","Touchless, szenzoros szemétkosár, 50 l, rozsdamentes acélból, Soft-Close záródás, elemes, LED kijelző, időzítő","Bez dodira, kanta za otpatke na senzor, 50 l, nehrđajući čelik, Soft-Close zatvaranje, baterijsko napajanje, LED zaslon, timer","Coș de gunoi fără atingere, cu senzor, 50 l, din oțel inoxidabil, închidere ușoară, cu baterii, afișaj LED, temporizator","Безконтактен, сензорен кош за отпадъци, 50 л, неръждаема стомана, плавно затваряне, захранване с батерии, LED дисплей, таймер","{""features"": [{""desc"": ""<b>Bewegungssensor für berührungslose Bedienung</b>: Der Mülleimer öffnet den Deckel automatisch, sobald er Bewegungen in seiner Nähe erkennt, was eine hygienische Abfallentsorgung ermöglicht"", ""name"": null, ""image"": null}, {""desc"": ""<b>Großzügiges Fassungsvermögen von 50 Litern</b>: Mit seinem großen Fassungsvermögen ist er ideal für Haushalte oder Büros mit einem hohen Abfallaufkommen geeignet"", ""name"": null, ""image"": null}, {""desc"": ""<b>Zeitloses Design:</b> Das schlanke und moderne Design passt in jeden Raum. Das Edelstahl-Finish verleiht dem Mülleimer nicht nur eine ästhetische Note, sondern macht ihn auch äußerst langlebig, leicht zu reinigen und resistent gegen Fingerabdrücke"", ""name"": null, ""image"": null}, {""desc"": ""<b>Manuelle oder automatische Öffnungs- und Schließfunktion</b>: Der Mülleimer bietet die Möglichkeit zur manuellen Bedienung über das Bedienfeld oder zur automatischen Öffnung und Schließung durch den Bewegungssensor"", ""name"": null, ""image"": null}, {""desc"": ""<b>Intuitives LED-Display auf dem Bedienfeld</b>: Über das LED-Display können verschiedene Funktionen wie der 7-Sekunden-Timer für das automatische Schließen des Deckels eingestellt werden"", ""name"": null, ""image"": null}, {""desc"": ""<b>Soft-Close-System für geräuschloses Schließen</b>: Das Soft-Close-System gewährleistet geräuschloses und sanftes Öffnen und Schließen des Deckels, was besonders in ruhigen Umgebungen von Vorteil ist."", ""name"": null, ""image"": null}, {""desc"": ""<b>Batteriebetrieben</b>: Der Mülleimer wird mit Batterien betrieben, was eine flexible Aufstellung ohne lästigen Kabelsalat ermöglicht. Bitte beachten Sie, dass die benötigten Batterien nicht im Lieferumfang enthalten sind"", ""name"": null, ""image"": null}, {""desc"": ""<b>Vielseitige Anwendungsmöglichkeiten</b>: Aufgrund seiner vielseitigen Funktionen und seines attraktiven Designs eignet sich der Mülleimer ideal für den Einsatz in verschiedenen Umgebungen wie Küchen, Büros, Schulen, Restaurants und anderen öffentlichen Bereichen"", ""name"": null, ""image"": null}]}"
10046137,1,3.1,49,29,38,15.5,AquaSub pool robot 5000mAh battery up to 100 m² fully automatic built-in filter system IPX8,"AquaSub, bazénový robot, 5000 mAh batéria, do 100 m², plne automatický, zabudovaný filtračný systém, IPX8","AquaSub, bazenski robot, 5000 mAh baterija, do 100 m², popolnoma samodejen, vgrajen filtracijski sistem, IPX8","AquaSub, medence robot, akkumulátor 5000 mAh, akár 100 m², teljesen automata, beépített szűrőrendszer, IPX8","AquaSub, bazenski robot, baterija od 5000 mAh, do 100 m², potpuno automatski, ugrađeni sustav filtriranja, IPX8","AquaSub, robot de piscină, baterie de 5000 mAh, până la 100 m², complet automat, sistem de filtrare încorporat, IPX8","AquaSub, робот за басейни, 5000 mAh батерия, до 100 m², напълно автоматичен, вградена система за филтриране, IPX8","{""features"": [{""desc"": ""<p><b>Effiziente Reinigung:</b> Mit fortschrittlicher Saugkraft entfernt er mühelos Schmutz und Ablagerungen vom Poolboden, für kristallklares Wasser </p>   "", ""name"": null, ""image"": null}, {""desc"": ""<p><b>Längere Reinigungszeit:</b> Dank des leistungsstarken 5000 mAh Akkus bietet er längere Reinigungssitzungen ohne häufiges Aufladen </p>   "", ""name"": null, ""image"": null}, {""desc"": ""<p><b>Flexibel einsetzbar:</b> Geeignet für Pools mit einer Fläche von bis zu 100 m² und einer maximalen Tiefe von 2,5 m, passt er sich verschiedenen Poolformen und -größen an </p>   "", ""name"": null, ""image"": null}, {""desc"": ""<p><b>Einfache Wartung:</b> Das eingebaute Filtersystem mit einem leicht zu reinigenden Filterkorb sorgt für eine effiziente Reinigung und eine unkomplizierte Wartung </p>   "", ""name"": null, ""image"": null}, {""desc"": ""<p><b>Wasserdicht und robust:</b> Mit dem IPX8-Standard ist der Roboter für den Einsatz in Wasserumgebungen sicher und zuverlässig </p>   "", ""name"": null, ""image"": null}, {""desc"": ""<p><b>Komfortabel und praktisch: </b>Selbstparkfunktion und einfache Bedienung machen die Verwendung des Pool-Roboters komfortabel und zeitsparend </p>   "", ""name"": null, ""image"": null}, {""desc"": ""<p><b>Komplettes Paket:</b> Der Lieferumfang enthält alles, was Sie für die sofortige Nutzung benötigen, einschließlich Ladeadapter und Schwimmleine </p>  "", ""name"": null, ""image"": null}]}"
10046125,1,29.5,0,396,294,294,Blumfeldt Pantheon Wall Pergola 3x4m wall-mounted weatherproof powder-coated steel,"Blumfeldt Pantheon Wall Pergola, nástenná pergola, 3 x 4 m, práškovo lakovná oceľ, odolná voči poveternostným vplyvom","Blumfeldt Pantheon Wall Pergola, stenska pergola, 3 x 4 m, prašno lakirano jeklo, odporno na vremenske vplive","Blumfeldt Pantheon Wall Pergola, fali pergola, 3 x 4 m, porszórt acél, időjárásálló","Blumfeldt Pantheon zidna pergola, zidna pergola, 3 x 4 m, čelik premazan prahom, otporan na vremenske uvjete","Blumfeldt Pantheon Wall Pergola, Pergolă montată pe perete, 3 x 4 m, oțel vopsit cu pulbere, rezistentă la intemperii","Blumfeldt Pantheon Wall Pergola, стенна пергола, 3 x 4 m, прахово боядисана стомана, устойчива на атмосферни влияния","{""features"": [{""desc"": ""<b>Wandmontiert für zusätzliche Stabilität</b>: Das wandmontierte Design bietet nicht nur zusätzlichen strukturellen Halt, sondern ermöglicht auch eine einfache Montage nahe am Haus"", ""name"": null, ""image"": null}, {""desc"": ""<b>Robuste Konstruktion aus pulverbeschichtetem Stahl</b>: Die Pergola ist aus hochwertigem pulverbeschichtetem Stahl gefertigt, was eine hohe Stabilität und Langlebigkeit gewährleistet"", ""name"": null, ""image"": null}, {""desc"": ""<b>Wetterbeständiges Polyesterdach mit PA-Beschichtung</b>: Das Dach besteht aus wetterbeständigem Polyester mit einer wasserabweisenden PA-Beschichtung, das Schutz vor verschiedenen Wetterbedingungen bietet"", ""name"": null, ""image"": null}, {""desc"": ""<b>Verbesserte Zugänglichkeit</b>: Durch die wandmontierte Positionierung kann die Pergola näher am Haus platziert werden, was einen mühelosen Zugang zu Innenbereichen ermöglicht und das Outdoor-Leben komfortabler gestaltet"", ""name"": null, ""image"": null}, {""desc"": ""<b>Geeignet für alle vier Jahreszeiten</b>: Dank des wetterbeständigen Polyesterdachs bietet die Pergola ganzjährig Schutz vor Sonne und Regen und sorgt für angenehmen Schatten"", ""name"": null, ""image"": null}, {""desc"": ""<b>Einfache Montage</b>: Die Pergola ist einfach zusammenzubauen und enthält alles, was für eine schnelle Installation benötigt wird"", ""name"": null, ""image"": null}]}"
10046124,1,25,0,296,294,230,Blumfeldt Pantheon Wall Pergola 3x3m wall-mounted weatherproof powder-coated steel,"Blumfeldt Pantheon Wall Pergola, nástenná pergola, 3 x 3 m, práškovo lakovná oceľ, odolná voči poveternostným vplyvom","Blumfeldt Pantheon Wall Pergola, stenska pergola, 3 x 3 m, prašno lakirano jeklo, odporno na vremenske vplive","Blumfeldt Pantheon Wall Pergola, fali pergola, 3 x 3 m, porszórt acél, időjárásálló","Blumfeldt Pantheon Wall Pergola, zidna pergola, 3 x 3 m, čelik premazan prahom, otporan na vremenske uvjete","Blumfeldt Pantheon Wall Pergola, pergolă montată pe perete, 3 x 3 m, oțel vopsit cu pulbere, rezistentă la intemperii","Blumfeldt Pantheon Wall Pergola, стенна пергола, 3 x 3 м, прахово боядисана стомана, устойчива на атмосферни влияния","{""features"": [{""desc"": ""<b>Wandmontiert für zusätzliche Stabilität</b>: Das wandmontierte Design bietet nicht nur zusätzlichen strukturellen Halt, sondern ermöglicht auch eine einfache Montage nahe am Haus"", ""name"": null, ""image"": null}, {""desc"": ""<b>Robuste Konstruktion aus pulverbeschichtetem Stahl</b>: Die Pergola ist aus hochwertigem pulverbeschichtetem Stahl gefertigt, was eine hohe Stabilität und Langlebigkeit gewährleistet"", ""name"": null, ""image"": null}, {""desc"": ""<b>Wetterbeständiges Polyesterdach mit PA-Beschichtung</b>: Das Dach besteht aus wetterbeständigem Polyester mit einer wasserabweisenden PA-Beschichtung, das Schutz vor verschiedenen Wetterbedingungen bietet"", ""name"": null, ""image"": null}, {""desc"": ""<b>Verbesserte Zugänglichkeit</b>: Durch die wandmontierte Positionierung kann die Pergola näher am Haus platziert werden, was einen mühelosen Zugang ermöglicht und das Outdoor-Leben komfortabler gestaltet"", ""name"": null, ""image"": null}, {""desc"": ""<b>Geeignet für alle vier Jahreszeiten</b>: Dank des wetterbeständigen Polyesterdachs bietet die Pergola ganzjährig Schutz vor Sonne und Regen und sorgt für angenehmen Schatten"", ""name"": null, ""image"": null}, {""desc"": ""<b>Einfache Montage</b>: Die Pergola ist einfach zusammenzubauen und enthält alles, was für eine schnelle Installation benötigt wird"", ""name"": null, ""image"": null}]}"
10046123,1,29.5,0,396,294,294,Blumfeldt Pantheon Wall Pergola 3x4m wall-mounted weatherproof powder-coated steel,"Blumfeldt Pantheon Wall Pergola, nástenná pergola, 3 x 4 m, práškovo lakovná oceľ, odolná voči poveternostným vplyvom","Blumfeldt Pantheon Wall Pergola, stenska pergola, 3 x 4 m, prašno lakirano jeklo, odporno na vremenske vplive","Blumfeldt Pantheon Wall Pergola, fali pergola, 3 x 4 m, porszórt acél, időjárásálló","Blumfeldt Pantheon zidna pergola, zidna pergola, 3 x 4 m, čelik premazan prahom, otporan na vremenske uvjete","Blumfeldt Pantheon Wall Pergola, Pergolă montată pe perete, 3 x 4 m, oțel vopsit cu pulbere, rezistentă la intemperii","Blumfeldt Pantheon Wall Pergola, стенна пергола, 3 x 4 m, прахово боядисана стомана, устойчива на атмосферни влияния","{""features"": [{""desc"": ""<b>Wandmontiert für zusätzliche Stabilität</b>: Das wandmontierte Design bietet nicht nur zusätzlichen strukturellen Halt, sondern ermöglicht auch eine einfache Montage nahe am Haus"", ""name"": null, ""image"": null}, {""desc"": ""<b>Robuste Konstruktion aus pulverbeschichtetem Stahl</b>: Die Pergola ist aus hochwertigem pulverbeschichtetem Stahl gefertigt, was eine hohe Stabilität und Langlebigkeit gewährleistet"", ""name"": null, ""image"": null}, {""desc"": ""<b>Wetterbeständiges Polyesterdach mit PA-Beschichtung</b>: Das Dach besteht aus wetterbeständigem Polyester mit einer wasserabweisenden PA-Beschichtung, das Schutz vor verschiedenen Wetterbedingungen bietet"", ""name"": null, ""image"": null}, {""desc"": ""<b>Verbesserte Zugänglichkeit</b>: Durch die wandmontierte Positionierung kann die Pergola näher am Haus platziert werden, was einen mühelosen Zugang zu Innenbereichen ermöglicht und das Outdoor-Leben komfortabler gestaltet"", ""name"": null, ""image"": null}, {""desc"": ""<b>Geeignet für alle vier Jahreszeiten</b>: Dank des wetterbeständigen Polyesterdachs bietet die Pergola ganzjährig Schutz vor Sonne und Regen und sorgt für angenehmen Schatten"", ""name"": null, ""image"": null}, {""desc"": ""<b>Einfache Montage</b>: Die Pergola ist einfach zusammenzubauen und enthält alles, was für eine schnelle Installation benötigt wird"", ""name"": null, ""image"": null}]}"
10046122,1,25,0,296,294,230,Blumfeldt Pantheon Wall Pergola 3x3m wall-mounted weatherproof powder-coated steel,"Blumfeldt Pantheon Wall Pergola, nástenná pergola, 3 x 3 m, práškovo lakovná oceľ, odolná voči poveternostným vplyvom","Blumfeldt Pantheon Wall Pergola, stenska pergola, 3 x 3 m, prašno lakirano jeklo, odporno na vremenske vplive","Blumfeldt Pantheon Wall Pergola, fali pergola, 3 x 3 m, porszórt acél, időjárásálló","Blumfeldt Pantheon Wall Pergola, zidna pergola, 3 x 3 m, čelik premazan prahom, otporan na vremenske uvjete","Blumfeldt Pantheon Wall Pergola, pergolă de perete, 3 x 3 m, oțel acoperit cu pulbere, rezistent la intemperii","Blumfeldt Pantheon Wall Pergola, стенна пергола, 3 x 3 м, прахово боядисана стомана, устойчива на атмосферни влияния","{""features"": [{""desc"": ""<b>Wandmontiert für zusätzliche Stabilität</b>: Das wandmontierte Design bietet nicht nur zusätzlichen strukturellen Halt, sondern ermöglicht auch eine einfache Montage nahe am Haus"", ""name"": null, ""image"": null}, {""desc"": ""<b>Robuste Konstruktion aus pulverbeschichtetem Stahl</b>: Die Pergola ist aus hochwertigem pulverbeschichtetem Stahl gefertigt, was eine hohe Stabilität und Langlebigkeit gewährleistet"", ""name"": null, ""image"": null}, {""desc"": ""<b>Wetterbeständiges Polyesterdach mit PA-Beschichtung</b>: Das Dach besteht aus wetterbeständigem Polyester mit einer wasserabweisenden PA-Beschichtung, das Schutz vor verschiedenen Wetterbedingungen bietet"", ""name"": null, ""image"": null}, {""desc"": ""<b>Verbesserte Zugänglichkeit</b>: Durch die wandmontierte Positionierung kann die Pergola näher am Haus platziert werden, was einen mühelosen Zugang ermöglicht und das Outdoor-Leben komfortabler gestaltet"", ""name"": null, ""image"": null}, {""desc"": ""<b>Geeignet für alle vier Jahreszeiten</b>: Dank des wetterbeständigen Polyesterdachs bietet die Pergola ganzjährig Schutz vor Sonne und Regen und sorgt für angenehmen Schatten"", ""name"": null, ""image"": null}, {""desc"": ""<b>Einfache Montage</b>: Die Pergola ist einfach zusammenzubauen und enthält alles, was für eine schnelle Installation benötigt wird"", ""name"": null, ""image"": null}]}"
10046121,1,48.8,0,386,598,300,Party Haven tent 598x386x300 cm weatherproof fabric steel frame easy assembly with side walls,"Party Haven, stan, 598 x 386 x 300 cm, odolný voči poveternostným vplyvom, oceľový rám, jednoduchá montáž, s bočnými stenami","Party Haven, šotor, 598 x 386 x 300 cm, odporen na vremenske vplive, jekleni okvir, enostaven za sestavljanje, s stranskimi stenami","Party Haven, sátor, 598 x 386 x 300 cm, időjárásálló, acélvázas, egyszerű összeszerelés, oldalfalakkal","Party Haven, šator, 598 x 386 x 300 cm, otporan na vremenske uvjete, čelični okvir, jednostavan za sastavljanje, s bočnim stijenkama","Party Haven, cort, 598 x 386 x 300 cm, rezistent la intemperii, cadru din oțel, ușor de asamblat, cu pereți laterali","Party Haven, палатка, 598 x 386 x 300 cm, устойчива на атмосферни влияния, стоманена рамка, лесна за сглобяване, със странични стени","{""features"": [{""desc"": ""Robust und stabil: Hochwertiger Stahlrahmen und 170 gr PE Dach"", ""name"": null, ""image"": null}, {""desc"": ""Schützt vor Regen und Sonne: wetterfestes Gewebe"", ""name"": null, ""image"": null}, {""desc"": ""Ein echter Hingucker: Seitenwände mit Fenster und dunkler Bodenrahmen"", ""name"": null, ""image"": null}, {""desc"": ""Leichter Aufbau: Stahlrahmen wird per Steckverbindung aufgestellt"", ""name"": null, ""image"": null}, {""desc"": ""Vielseitig einsetzbar: Seitenwände können offen oder geschlossen sein"", ""name"": null, ""image"": null}, {""desc"": ""Schutz vor Insekten: Hält lästige Mücken, Fliegen und Wespen fern"", ""name"": null, ""image"": null}]}"
10046120,1,45,0,296,598,280,Party Haven tent 598x296x280 cm weatherproof fabric steel frame easy assembly with side walls,"Party Haven, stan, 598 x 296 x 280 cm, odolný voči poveternostným vplyvom, oceľový rám, jednoduchá montáž, s bočnými stenami","Party Haven, šotor, 598 x 296 x 280 cm, odporen na vremenske vplive, jekleni okvir, enostaven za sestavljanje, s stranskimi stenami","Party Haven, sátor, 598 x 296 x 280 cm, időjárásálló, acélvázas, egyszerű összeszerelés, oldalfalakkal","Party Haven, šator, 598 x 296 x 280 cm, otporan na vremenske uvjete, čelični okvir, jednostavan za sastavljanje, s bočnim stijenkama","Party Haven, cort, 598 x 296 x 280 cm, rezistent la intemperii, cadru din oțel, ușor de asamblat, cu pereți laterali","Party Haven, палатка, 598 x 296 x 280 cm, устойчива на атмосферни влияния, стоманена рамка, лесна за сглобяване, със странични стени","{""features"": [{""desc"": ""Robust und stabil: Hochwertiger Stahlrahmen und 170 gr PE Dach"", ""name"": null, ""image"": null}, {""desc"": ""Schützt vor Regen und Sonne: wetterfestes Gewebe"", ""name"": null, ""image"": null}, {""desc"": ""Ein echter Hingucker: Seitenwände mit Fenster und dunkler Bodenrahmen"", ""name"": null, ""image"": null}, {""desc"": ""Leichter Aufbau: Stahlrahmen wird per Steckverbindung aufgestellt"", ""name"": null, ""image"": null}, {""desc"": ""Vielseitig einsetzbar: Seitenwände können offen oder geschlossen sein"", ""name"": null, ""image"": null}, {""desc"": ""Schutz vor Insekten: Hält lästige Mücken, Fliegen und Wespen fern"", ""name"": null, ""image"": null}]}"
10046119,1,31.4,0,296,400,280,Party Haven tent 400x296x280 cm weatherproof fabric steel frame easy assembly with side walls,"Party Haven, stan, 400 x 296 x 280 cm, odolný voči poveternostným vplyvom, oceľový rám, jednoduchá montáž, s bočnými stenami","Party Haven, šotor, 400 x 296 x 280 cm, odporen na vremenske vplive, jekleni okvir, enostaven za sestavljanje, s stranskimi stenami","Party Haven, sátor, 400 x 296 x 280 cm, időjárásálló, acélvázas, egyszerű összeszerelés, oldalfalakkal","Party Haven, šator, 400 x 296 x 280 cm, otporan na vremenske uvjete, čelični okvir, jednostavan za sastavljanje, s bočnim stijenkama","Party Haven, cort, 400 x 296 x 280 cm, rezistent la intemperii, cadru din oțel, ușor de asamblat, cu pereți laterali","Party Haven, палатка, 400 x 296 x 280 cm, устойчива на атмосферни влияния, стоманена рамка, лесна за сглобяване, със странични стени","{""features"": [{""desc"": ""Robust und stabil: Hochwertiger Stahlrahmen und 170 gr PE Dach"", ""name"": null, ""image"": null}, {""desc"": ""Schützt vor Regen und Sonne: wetterfestes Gewebe"", ""name"": null, ""image"": null}, {""desc"": ""Ein echter Hingucker: Seitenwände mit Fenster und dunkler Bodenrahmen"", ""name"": null, ""image"": null}, {""desc"": ""Leichter Aufbau: Stahlrahmen wird per Steckverbindung aufgestellt"", ""name"": null, ""image"": null}, {""desc"": ""Vielseitig einsetzbar: Seitenwände können offen oder geschlossen sein"", ""name"": null, ""image"": null}, {""desc"": ""Schutz vor Insekten: Hält lästige Mücken, Fliegen und Wespen fern"", ""name"": null, ""image"": null}]}"
10046112,1,36,0,394,294,230,Blumfeldt Pantheon Robust pergola 3x4m weather-resistant powder-coated steel,"Blumfeldt Pantheon Robust, pergola, 3 x 4 m, s bočnými roletami, práškovo lakovaná oceľ odolná voči poveternostným vplyvom","Blumfeldt Pantheon Robust, pergola, 3 x 4 m, s stranskimi žaluzijami, prašno lakirano jeklo, odporno na vremenske vplive","Blumfeldt Pantheon Robust, pergola, 3 x 4 m, oldalsó redőnyökkel, időjárásálló porszórt acél","Blumfeldt Pantheon Robust, pergola, 3 x 4 m, s bočnim roletama, čelik otporan na vremenske uvjete premazan prahom","Blumfeldt Pantheon Robust, pergola, 3 x 4 m, cu jaluzele laterale, oțel acoperit cu pulbere rezistent la intemperii","Blumfeldt Pantheon Robust, пергола, 3 x 4 м, със странични щори, прахово боядисана стомана, устойчива на атмосферни влияния","{""features"": [{""desc"": ""<strong>Stabiler Schutz im Freien:</strong>&nbsp;Robuster pulverbeschichteter Stahlrahmen f&uuml;r hohe Stabilit&auml;t und Tragf&auml;higkeit, bietet sicheren R&uuml;ckzugsort bei jedem Wetter"", ""name"": null, ""image"": null}, {""desc"": ""<strong>Wetterbest&auml;ndiges Dach:</strong>&nbsp;Hochwertiges Polyesterdach mit wasserabweisender PU-Beschichtung bietet zuverl&auml;ssigen Schutz vor Sonne und Regen"", ""name"": null, ""image"": null}, {""desc"": ""<strong>Ganzj&auml;hrige Nutzungsm&ouml;glichkeit:</strong>&nbsp;Dank des wetterbest&auml;ndigen Dachs kann die Pergola das ganze Jahr &uuml;ber genutzt werden, f&uuml;r entspannte Momente im Freien unabh&auml;ngig von der Jahreszeit"", ""name"": null, ""image"": null}, {""desc"": ""<strong>Einfache Montage und Komplettpaket:</strong>&nbsp;Schnelle und unkomplizierte Montage mit allem notwendigen Zubeh&ouml;r im Lieferumfang enthalten, f&uuml;r eine problemlose Einrichtung Ihrer eigenen Wohlf&uuml;hloase im Freien"", ""name"": null, ""image"": null}]}"
10046111,1,31,0,294,294,230,Blumfeldt Pantheon Robust pergola 3x3m weather-resistant powder-coated steel,"Blumfeldt Pantheon Robust, pergola, 3 x 3 m, s bočnými roletami, práškovo lakovaná oceľ odolná voči poveternostným vplyvom","Blumfeldt Pantheon Robust, pergola, 3 x 3 m, s stranskimi žaluzijami, prašno lakirano jeklo, odporno na vremenske vplive","Blumfeldt Pantheon Robust, pergola, 3 x 3 m, oldalsó redőnyökkel, időjárásálló porszórt acél","Blumfeldt Pantheon Robust, pergola, 3 x 3 m, s bočnim roletama, čelik otporan na vremenske uvjete premazan prahom","Blumfeldt Pantheon Robust, pergolă de perete, 3 x 3 m, cu jaluzele laterale, oțel acoperit cu pulbere rezistent la intemperii","Blumfeldt Pantheon Pergola, пергола, 3 x 3 m, прахово боядисана стомана, устойчива на атмосферни влияния","{""features"": [{""desc"": ""<strong>Stabiler Schutz im Freien:</strong>&nbsp;Robuster pulverbeschichteter Stahlrahmen f&uuml;r hohe Stabilit&auml;t und Tragf&auml;higkeit, bietet sicheren R&uuml;ckzugsort bei jedem Wetter"", ""name"": null, ""image"": null}, {""desc"": ""<strong>Wetterbest&auml;ndiges Dach:</strong>&nbsp;Hochwertiges Polyesterdach mit wasserabweisender PU-Beschichtung bietet zuverl&auml;ssigen Schutz vor Sonne und Regen"", ""name"": null, ""image"": null}, {""desc"": ""<strong>Ganzj&auml;hrige Nutzungsm&ouml;glichkeit:</strong>&nbsp;Dank des wetterbest&auml;ndigen Dachs kann die Pergola das ganze Jahr &uuml;ber genutzt werden, f&uuml;r entspannte Momente im Freien unabh&auml;ngig von der Jahreszeit"", ""name"": null, ""image"": null}, {""desc"": ""<strong>Einfache Montage und Komplettpaket:</strong>&nbsp;Schnelle und unkomplizierte Montage mit allem notwendigen Zubeh&ouml;r im Lieferumfang enthalten, f&uuml;r eine problemlose Einrichtung Ihrer eigenen Wohlf&uuml;hloase im Freien"", ""name"": null, ""image"": null}]}"
10046110,1,41,0,394,294,230,Blumfeldt Pantheon Robust pergola 3x4m weather-resistant powder-coated steel side shutters,"Blumfeldt Pantheon Robust, pergola, 3 x 4 m, s bočnými roletami, práškovo lakovaná oceľ odolná voči poveternostným vplyvom","Blumfeldt Pantheon Robust, pergola, 3 x 4 m, s stranskimi roletami, prašno lakirano jeklo, odporno na vremenske vplive","Blumfeldt Pantheon Robust, pergola, 3 x 4 m, oldalsó redőnyökkel, időjárásálló porszórt acél","Blumfeldt Pantheon Robust, pergola, 3 x 4 m, s bočnim roletama, čelik otporan na vremenske uvjete premazan prahom","Blumfeldt Pantheon Robust, pergola, 3 x 4 m, cu jaluzele laterale, oțel acoperit cu pulbere rezistent la intemperii","Blumfeldt Pantheon Robust, пергола, 3 x 4 м, със странични щори, прахово боядисана стомана, устойчива на атмосферни влияния","{""features"": [{""desc"": ""<strong>Stabiler Schutz im Freien:</strong>&nbsp;Robuster pulverbeschichteter Stahlrahmen f&uuml;r hohe Stabilit&auml;t und Tragf&auml;higkeit, bietet sicheren R&uuml;ckzugsort bei jedem Wetter"", ""name"": null, ""image"": null}, {""desc"": ""<strong>Wetterbest&auml;ndiges Dach:</strong>&nbsp;Hochwertiges Polyesterdach mit wasserabweisender PU-Beschichtung bietet zuverl&auml;ssigen Schutz vor Sonne und Regen"", ""name"": null, ""image"": null}, {""desc"": ""<strong>Vielseitiger Schutz vor Sonne und Wind:</strong>&nbsp;Seitliche Rolll&auml;den aus strapazierf&auml;higem PA-beschichtetem Polyester bieten zus&auml;tzlichen Schutz vor Sonne, Wind und gew&auml;hren Privatsph&auml;re, flexibel einstellbar nach Bedarf"", ""name"": null, ""image"": null}, {""desc"": ""<strong>Ganzj&auml;hrige Nutzungsm&ouml;glichkeit:</strong>&nbsp;Dank des wetterbest&auml;ndigen Dachs und der seitlichen Rolll&auml;den kann die Pergola das ganze Jahr &uuml;ber genutzt werden, f&uuml;r entspannte Momente im Freien unabh&auml;ngig von der Jahreszeit"", ""name"": null, ""image"": null}, {""desc"": ""<strong>Einfache Montage und Komplettpaket:</strong>&nbsp;Schnelle und unkomplizierte Montage mit allem notwendigen Zubeh&ouml;r im Lieferumfang enthalten, f&uuml;r eine problemlose Einrichtung Ihrer eigenen Wohlf&uuml;hloase im Freien"", ""name"": null, ""image"": null}]}"
10046109,1,35,50,294,294,230,Blumfeldt Pantheon Robust pergola 3x3m weather-resistant powder-coated steel side shutters,"Blumfeldt Pantheon Robust, pergola, 3 x 3 m, s bočnými roletami, práškovo lakovaná oceľ odolná voči poveternostným vplyvom","Blumfeldt Pantheon Robust, pergola, 3 x 3 m, s stranskimi žaluzijami, prašno lakirano jeklo, odporno na vremenske vplive","Blumfeldt Pantheon Robust, pergola, 3 x 3 m, oldalsó redőnyökkel, időjárásálló porszórt acél","Blumfeldt Pantheon Robust, pergola, 3 x 3 m, s bočnim roletama, čelik otporan na vremenske uvjete premazan prahom","Blumfeldt Pantheon Robust, pergolă de perete, 3 x 3 m, cu jaluzele laterale, oțel acoperit cu pulbere rezistent la intemperii","Blumfeldt Pantheon Pergola, пергола, 3 x 3 m, прахово боядисана стомана, устойчива на атмосферни влияния","{""features"": [{""desc"": ""<strong>Stabiler Schutz im Freien:</strong>&nbsp;Robuster pulverbeschichteter Stahlrahmen f&uuml;r hohe Stabilit&auml;t und Tragf&auml;higkeit, bietet sicheren R&uuml;ckzugsort bei jedem Wetter"", ""name"": null, ""image"": null}, {""desc"": ""<strong>Wetterbest&auml;ndiges Dach:</strong>&nbsp;Hochwertiges Polyesterdach mit wasserabweisender PU-Beschichtung bietet zuverl&auml;ssigen Schutz vor Sonne und Regen"", ""name"": null, ""image"": null}, {""desc"": ""<strong>Vielseitiger Schutz vor Sonne und Wind:</strong>&nbsp;Seitliche Rolll&auml;den aus strapazierf&auml;higem PA-beschichtetem Polyester bieten zus&auml;tzlichen Schutz vor Sonne, Wind und gew&auml;hren Privatsph&auml;re, flexibel einstellbar nach Bedarf"", ""name"": null, ""image"": null}, {""desc"": ""<strong>Ganzj&auml;hrige Nutzungsm&ouml;glichkeit:</strong>&nbsp;Dank des wetterbest&auml;ndigen Dachs und der seitlichen Rolll&auml;den kann die Pergola das ganze Jahr &uuml;ber genutzt werden, f&uuml;r entspannte Momente im Freien unabh&auml;ngig von der Jahreszeit"", ""name"": null, ""image"": null}, {""desc"": ""<strong>Einfache Montage und Komplettpaket:</strong>&nbsp;Schnelle und unkomplizierte Montage mit allem notwendigen Zubeh&ouml;r im Lieferumfang enthalten, f&uuml;r eine problemlose Einrichtung Ihrer eigenen Wohlf&uuml;hloase im Freien"", ""name"": null, ""image"": null}]}"
10046108,1,32,300,205,50,80,Stream M1 Magnet Rowing Machine 105 cm LC Display 8 Levels Aluminium,"Stream M1, magnetický veslovací trenažér, 105 cm, LC displej, 8 úrovní, hliník","Stream M1, magnetni veslaški stroj, 105 cm, LC zaslon, 8 stopenj, aluminij","Stream M1, mágneses evezőgép, 105 cm, LC kijelző, 8 szint, alumínium","Stream M1, magnetna sprava za veslanje, 105 cm, LC zaslon, 8 razina, aluminij","Stream M1, aparat de canotaj magnetic, 105 cm, ecran LC, 8 nivele, aluminiu","Stream M1, магнитна гребна машина, 105 см, LCD дисплей, 8 нива, алуминий","{""features"": [{""desc"": ""<b>Widerstand nach Wahl:</b> 8-stufig einstellbarer, weicher <em>MagResist</em> Magnet-Widerstand"", ""name"": null, ""image"": null}, {""desc"": ""<b>Platzsparend & Mobil:</b> kompakte Aufbewahrung durch Senkrechtstellen und Bodenrollen zum Versetzen"", ""name"": null, ""image"": null}, {""desc"": ""<b>Für den ganzen Körper:</b> trainiert Schultern, Arme, Rücken, Bauch, Beine und Gesäß"", ""name"": null, ""image"": null}, {""desc"": ""<b>Unterhaltsames Training:</b> Trainingscomputer zur Überwachung der Fitnessdaten und Tablethalterung für Musik- oder Videounterhaltung"", ""name"": null, ""image"": null}, {""desc"": ""<b>Hochbelastbar:</b> für Athleten bis 200 cm Größe und 150 kg Gewicht"", ""name"": null, ""image"": null}, {""desc"": ""<b>Laufruhig:</b> Training zu jeder Tages- und Nachtzeit dank stabilem Aluminiumrahmen mit 105 cm langer Gleitschiene"", ""name"": null, ""image"": null}]}"
10046092,1,0,0,132,132,25,Fiji Flow 2-in-1 ceiling fan 132 cm LED remote control app control 2 directions dimmable,"Fiji Flow 2 v 1 Smart, stropný ventilátor, Ø 132 cm, stmievateľné LED svetlo, diaľkové ovládanie, ovládanie cez aplikáciu, 2 smery chodu","Fiji Flow 2 v 1 Smart, stropni ventilator, Ø 132 cm, zatemnitvena LED luč, daljinski upravljalnik, upravljanje prek aplikacije, dvosmerno delovanje","Fiji Flow 2 az 1-ben Smart, mennyezeti ventilátor, Ø 132 cm, dimmelhető LED világítás, távirányító, vezérlés applikáción keresztül, 2 irányú működtetés","Fiji Flow 2 u 1 Smart, stropni ventilator, Ø 132 cm, prigušivo LED svjetlo, daljinski upravljač, upravljanje putem aplikacije, 2 smjera strujanja zraka","Fiji Flow 2 în 1 Smart, ventilator de tavan, Ø 132 cm, lumină LED reglabilă, telecomandă, control prin aplicație, funcționare în două direcții","Fiji Flow 2 в 1 Smart, таванен вентилатор, Ø 132 см, димируема LED светлина, дистанционно управление, управление чрез приложение, двупосочна работа","{""features"": [{""desc"": ""<b>2-in-1</b>: formschöner Ventilator und dimmbare LED-Lampe in einem"", ""name"": null, ""image"": null}, {""desc"": ""<b>Kraftvoll:</b> Ventilator mit einem Durchmesser von 132 cm und zwei Drehrichtungen"", ""name"": null, ""image"": null}, {""desc"": ""<b>Kühlung & Wärmezirkulation:</b> zwei Laufrichtungen für Sommer- und Winterbetrieb"", ""name"": null, ""image"": null}, {""desc"": ""<b>Besonders praktisch:</b> ein Stromanschluss für zwei Geräte"", ""name"": null, ""image"": null}, {""desc"": ""<b>Smart Control:</b> Einfache Steuerung von überall im Haus per Fernbedienung, Sprachbefehl oder Smart App."", ""name"": null, ""image"": null}, {""desc"": ""<b>Multifunktional:</b> Mit 6 Windgeschwindigkeiten und Timer-Funktion für individuellen Komfort"", ""name"": null, ""image"": null}]}"
10046091,1,0,0,152,152,25,Fiji Flow 2-in-1 ceiling fan 132 cm LED remote control app control 2 directions dimmable,"Fiji Flow 2 v 1 Smart, stropný ventilátor, Ø 152 cm, LED svetlo, diaľkové ovládanie, ovládanie cez aplikáciu, 2 smery chodu","Fiji Flow 2 v 1 Smart, stropni ventilator, Ø 152 cm, LED lučka, daljinski upravljalnik, upravljanje preko aplikacije, 2 smeri delovanja","Fiji Flow 2 az 1-ben Smart, mennyezeti ventilátor, Ø 152 cm, LED lámpa, távirányító, vezérlés applikáción keresztül, 2 menetirány","Fiji Flow 2 u 1 Smart, stropni ventilator, Ø 152 cm, LED svjetlo, daljinski upravljač, upravljanje putem aplikacije, 2 smjera strujanja zraka","Fiji Flow 2 în 1 Smart, ventilator de tavan, Ø 152 cm, lumină LED, telecomandă, control prin aplicație, funcționare în două direcții","Fiji Flow 2 в 1 Smart, таванен вентилатор, Ø 152 cm, LED светлина, дистанционно управление, управление чрез приложение, двупосочно управление","{""features"": [{""desc"": ""<b>2-in-1</b>: formschöner Ventilator und dimmbare LED-Lampe in einem"", ""name"": null, ""image"": null}, {""desc"": ""<b>Kraftvoll:</b> Ventilator mit einem Durchmesser von 132 cm und zwei Drehrichtungen"", ""name"": null, ""image"": null}, {""desc"": ""<b>Kühlung & Wärmezirkulation:</b> zwei Laufrichtungen für Sommer- und Winterbetrieb"", ""name"": null, ""image"": null}, {""desc"": ""<b>Besonders praktisch:</b> ein Stromanschluss für zwei Geräte"", ""name"": null, ""image"": null}, {""desc"": ""<b>Smart Control:</b> Einfache Steuerung von überall im Haus per Fernbedienung, Sprachbefehl oder Smart App."", ""name"": null, ""image"": null}, {""desc"": ""<b>Multifunktional:</b> Mit 6 Windgeschwindigkeiten und Timer-Funktion für individuellen Komfort"", ""name"": null, ""image"": null}]}"